0,http://www.wikidata.org/entity/Q204508,18,cen54
1,http://www.wikidata.org/entity/Q529604,5,cen54
2,http://www.wikidata.org/entity/Q567735,7,cen54
3,http://www.wikidata.org/entity/Q6166535,3,cen54
4,http://www.wikidata.org/entity/Q3164481,2,cen54
5,http://www.wikidata.org/entity/Q1356957,7,cen54
6,http://www.wikidata.org/entity/Q562042,18,cen54
7,http://www.wikidata.org/entity/Q15970853,13,cen54
8,http://www.wikidata.org/entity/Q768369,19,cen54
9,http://www.wikidata.org/entity/Q4013083,12,cen54
10,http://www.wikidata.org/entity/Q6044650,16,cen54
11,http://www.wikidata.org/entity/Q50326718,31,cen54
12,http://www.wikidata.org/entity/Q225850,16,cen54
13,http://www.wikidata.org/entity/Q86810959,13,cen54
14,http://www.wikidata.org/entity/Q72289,11,cen54
15,http://www.wikidata.org/entity/Q581258,12,cen54
16,http://www.wikidata.org/entity/Q2622193,19,cen54
17,http://www.wikidata.org/entity/Q1896485,29,cen54
18,http://www.wikidata.org/entity/Q76247,32,cen54
19,http://www.wikidata.org/entity/Q984014,30,cen54
20,http://www.wikidata.org/entity/Q1528412,12,cen54
21,http://www.wikidata.org/entity/Q633159,24,cen54
22,http://www.wikidata.org/entity/Q64154,11,cen54
23,http://www.wikidata.org/entity/Q643621,32,cen54
24,http://www.wikidata.org/entity/Q55134234,10,cen54
25,http://www.wikidata.org/entity/Q809498,12,cen54
26,http://www.wikidata.org/entity/Q220550,19,cen54
27,http://www.wikidata.org/entity/Q90664,11,cen54
28,http://www.wikidata.org/entity/Q9363639,19,cen54
29,http://www.wikidata.org/entity/Q923032,24,cen54
30,http://www.wikidata.org/entity/Q62095,11,cen54
31,http://www.wikidata.org/entity/Q299565,7,cen54
32,http://www.wikidata.org/entity/Q90840,11,cen54
33,http://www.wikidata.org/entity/Q66921,34,cen54
34,http://www.wikidata.org/entity/Q327363,0,cen54
35,http://www.wikidata.org/entity/Q373633,31,cen54
36,http://www.wikidata.org/entity/Q3262073,31,cen54
37,http://www.wikidata.org/entity/Q373930,16,cen54
38,http://www.wikidata.org/entity/Q47500605,31,cen54
39,http://www.wikidata.org/entity/Q3918984,19,cen54
40,http://www.wikidata.org/entity/Q70348,6,cen54
41,http://www.wikidata.org/entity/Q97068222,31,cen54
42,http://www.wikidata.org/entity/Q440380,12,cen54
43,http://www.wikidata.org/entity/Q4425422,8,cen54
44,http://www.wikidata.org/entity/Q4178584,23,cen54
45,http://www.wikidata.org/entity/Q1354493,29,cen54
46,http://www.wikidata.org/entity/Q11221172,23,cen54
47,http://www.wikidata.org/entity/Q69281,6,cen54
48,http://www.wikidata.org/entity/Q512183,12,cen54
49,http://www.wikidata.org/entity/Q78777,10,cen54
50,http://www.wikidata.org/entity/Q12665297,19,cen54
51,http://www.wikidata.org/entity/Q50377953,31,cen54
52,http://www.wikidata.org/entity/Q17275979,2,cen54
53,http://www.wikidata.org/entity/Q4992644,3,cen54
54,http://www.wikidata.org/entity/Q7411650,26,cen54
55,http://www.wikidata.org/entity/Q65860,25,cen54
56,http://www.wikidata.org/entity/Q6240071,7,cen54
57,http://www.wikidata.org/entity/Q720688,12,cen54
58,http://www.wikidata.org/entity/Q723809,16,cen54
59,http://www.wikidata.org/entity/Q3269422,18,cen54
60,http://www.wikidata.org/entity/Q3189000,15,cen54
61,http://www.wikidata.org/entity/Q3167104,31,cen54
62,http://www.wikidata.org/entity/Q5083509,26,cen54
63,http://www.wikidata.org/entity/Q52149523,31,cen54
64,http://www.wikidata.org/entity/Q309602,7,cen54
65,http://www.wikidata.org/entity/Q4455792,13,cen54
66,http://www.wikidata.org/entity/Q3755460,8,cen54
67,http://www.wikidata.org/entity/Q4083434,8,cen54
68,http://www.wikidata.org/entity/Q4308005,8,cen54
69,http://www.wikidata.org/entity/Q4358348,8,cen54
70,http://www.wikidata.org/entity/Q4369756,21,cen54
71,http://www.wikidata.org/entity/Q3425464,13,cen54
72,http://www.wikidata.org/entity/Q2831339,0,cen54
73,http://www.wikidata.org/entity/Q2827372,2,cen54
74,http://www.wikidata.org/entity/Q2825127,15,cen54
75,http://www.wikidata.org/entity/Q56635,5,cen54
76,http://www.wikidata.org/entity/Q5670706,7,cen54
77,http://www.wikidata.org/entity/Q5728252,24,cen54
78,http://www.wikidata.org/entity/Q23901669,24,cen54
79,http://www.wikidata.org/entity/Q2317861,31,cen54
80,http://www.wikidata.org/entity/Q3048446,17,cen54
81,http://www.wikidata.org/entity/Q2839868,31,cen54
82,http://www.wikidata.org/entity/Q5492967,11,cen54
83,http://www.wikidata.org/entity/Q549729,24,cen54
84,http://www.wikidata.org/entity/Q55072238,2,cen54
85,http://www.wikidata.org/entity/Q5512496,24,cen54
86,http://www.wikidata.org/entity/Q2978590,19,cen54
87,http://www.wikidata.org/entity/Q5546632,10,cen54
88,http://www.wikidata.org/entity/Q1090403,12,cen54
89,http://www.wikidata.org/entity/Q2860647,0,cen54
90,http://www.wikidata.org/entity/Q2856714,29,cen54
91,http://www.wikidata.org/entity/Q2853788,17,cen54
92,http://www.wikidata.org/entity/Q2839767,32,cen54
93,http://www.wikidata.org/entity/Q86924,6,cen54
94,http://www.wikidata.org/entity/Q15729474,0,cen54
95,http://www.wikidata.org/entity/Q17095381,29,cen54
96,http://www.wikidata.org/entity/Q97421,11,cen54
97,http://www.wikidata.org/entity/Q1723669,27,cen54
98,http://www.wikidata.org/entity/Q97425,18,cen54
99,http://www.wikidata.org/entity/Q1236294,30,cen54
100,http://www.wikidata.org/entity/Q77602,11,cen54
101,http://www.wikidata.org/entity/Q15469,24,cen54
102,http://www.wikidata.org/entity/Q1598436,6,cen54
103,http://www.wikidata.org/entity/Q16359657,13,cen54
104,http://www.wikidata.org/entity/Q85303,18,cen54
105,http://www.wikidata.org/entity/Q160333,0,cen54
106,http://www.wikidata.org/entity/Q13157740,30,cen54
107,http://www.wikidata.org/entity/Q1339936,25,cen54
108,http://www.wikidata.org/entity/Q82828680,0,cen54
109,http://www.wikidata.org/entity/Q88737,13,cen54
110,http://www.wikidata.org/entity/Q1681738,27,cen54
111,http://www.wikidata.org/entity/Q97039807,23,cen54
112,http://www.wikidata.org/entity/Q77231,6,cen54
113,http://www.wikidata.org/entity/Q76705,25,cen54
114,http://www.wikidata.org/entity/Q1257861,6,cen54
115,http://www.wikidata.org/entity/Q1225169,18,cen54
116,http://www.wikidata.org/entity/Q990655,16,cen54
117,http://www.wikidata.org/entity/Q2408040,0,cen54
118,http://www.wikidata.org/entity/Q2660801,16,cen54
119,http://www.wikidata.org/entity/Q5346490,26,cen54
120,http://www.wikidata.org/entity/Q15992612,8,cen54
121,http://www.wikidata.org/entity/Q4714978,29,cen54
122,http://www.wikidata.org/entity/Q1355998,24,cen54
123,http://www.wikidata.org/entity/Q2960022,29,cen54
124,http://www.wikidata.org/entity/Q320612,19,cen54
125,http://www.wikidata.org/entity/Q5346929,7,cen54
126,http://www.wikidata.org/entity/Q2624092,19,cen54
127,http://www.wikidata.org/entity/Q5341779,7,cen54
128,http://www.wikidata.org/entity/Q450550,19,cen54
129,http://www.wikidata.org/entity/Q3353704,24,cen54
130,http://www.wikidata.org/entity/Q86809,25,cen54
131,http://www.wikidata.org/entity/Q1479519,30,cen54
132,http://www.wikidata.org/entity/Q5392816,2,cen54
133,http://www.wikidata.org/entity/Q120617154,15,cen54
134,http://www.wikidata.org/entity/Q2342814,17,cen54
135,http://www.wikidata.org/entity/Q455430,24,cen54
136,http://www.wikidata.org/entity/Q2699511,9,cen54
137,http://www.wikidata.org/entity/Q3092616,32,cen54
138,http://www.wikidata.org/entity/Q1038265,19,cen54
139,http://www.wikidata.org/entity/Q28973725,29,cen54
140,http://www.wikidata.org/entity/Q2857127,8,cen54
141,http://www.wikidata.org/entity/Q15523834,30,cen54
142,http://www.wikidata.org/entity/Q15075015,8,cen54
143,http://www.wikidata.org/entity/Q5738513,5,cen54
144,http://www.wikidata.org/entity/Q48495,8,cen54
145,http://www.wikidata.org/entity/Q1131427,12,cen54
146,http://www.wikidata.org/entity/Q90643,6,cen54
147,http://www.wikidata.org/entity/Q313458,5,cen54
148,http://www.wikidata.org/entity/Q91993,25,cen54
149,http://www.wikidata.org/entity/Q27980763,13,cen54
150,http://www.wikidata.org/entity/Q1384083,3,cen54
151,http://www.wikidata.org/entity/Q1066666,0,cen54
152,http://www.wikidata.org/entity/Q1985476,24,cen54
153,http://www.wikidata.org/entity/Q701104,16,cen54
154,http://www.wikidata.org/entity/Q4070220,8,cen54
155,http://www.wikidata.org/entity/Q78030186,0,cen54
156,http://www.wikidata.org/entity/Q3579930,31,cen54
157,http://www.wikidata.org/entity/Q20819296,31,cen54
158,http://www.wikidata.org/entity/Q66001,6,cen54
159,http://www.wikidata.org/entity/Q4180154,28,cen54
160,http://www.wikidata.org/entity/Q67091,11,cen54
161,http://www.wikidata.org/entity/Q4149265,21,cen54
162,http://www.wikidata.org/entity/Q3635373,12,cen54
163,http://www.wikidata.org/entity/Q11736273,9,cen54
164,http://www.wikidata.org/entity/Q1873962,6,cen54
165,http://www.wikidata.org/entity/Q7328034,24,cen54
166,http://www.wikidata.org/entity/Q112034889,0,cen54
167,http://www.wikidata.org/entity/Q75953061,31,cen54
168,http://www.wikidata.org/entity/Q2087467,31,cen54
169,http://www.wikidata.org/entity/Q382221,7,cen54
170,http://www.wikidata.org/entity/Q1961193,8,cen54
171,http://www.wikidata.org/entity/Q3750942,30,cen54
172,http://www.wikidata.org/entity/Q4247211,34,cen54
173,http://www.wikidata.org/entity/Q3386089,32,cen54
174,http://www.wikidata.org/entity/Q3426742,16,cen54
175,http://www.wikidata.org/entity/Q8010179,7,cen54
176,http://www.wikidata.org/entity/Q6283400,7,cen54
177,http://www.wikidata.org/entity/Q4403723,8,cen54
178,http://www.wikidata.org/entity/Q6220650,16,cen54
179,http://www.wikidata.org/entity/Q4403727,8,cen54
180,http://www.wikidata.org/entity/Q96357739,24,cen54
181,http://www.wikidata.org/entity/Q851708,24,cen54
182,http://www.wikidata.org/entity/Q61407,25,cen54
183,http://www.wikidata.org/entity/Q4477850,8,cen54
184,http://www.wikidata.org/entity/Q122512,11,cen54
185,http://www.wikidata.org/entity/Q548696,0,cen54
186,http://www.wikidata.org/entity/Q3047990,2,cen54
187,http://www.wikidata.org/entity/Q3920794,29,cen54
188,http://www.wikidata.org/entity/Q4575881,3,cen54
189,http://www.wikidata.org/entity/Q328707,17,cen54
190,http://www.wikidata.org/entity/Q3304994,0,cen54
191,http://www.wikidata.org/entity/Q1322946,19,cen54
192,http://www.wikidata.org/entity/Q96121826,9,cen54
193,http://www.wikidata.org/entity/Q1413300,7,cen54
194,http://www.wikidata.org/entity/Q4558850,11,cen54
195,http://www.wikidata.org/entity/Q3059952,31,cen54
196,http://www.wikidata.org/entity/Q962271,16,cen54
197,http://www.wikidata.org/entity/Q1125422,1,cen54
198,http://www.wikidata.org/entity/Q4191602,8,cen54
199,http://www.wikidata.org/entity/Q1289215,23,cen54
200,http://www.wikidata.org/entity/Q4214394,13,cen54
201,http://www.wikidata.org/entity/Q3173441,21,cen54
202,http://www.wikidata.org/entity/Q3569644,19,cen54
203,http://www.wikidata.org/entity/Q4081464,30,cen54
204,http://www.wikidata.org/entity/Q1346136,8,cen54
205,http://www.wikidata.org/entity/Q12309988,16,cen54
206,http://www.wikidata.org/entity/Q4320887,8,cen54
207,http://www.wikidata.org/entity/Q138714323,13,cen54
208,http://www.wikidata.org/entity/Q3651043,8,cen54
209,http://www.wikidata.org/entity/Q978749,15,cen54
210,http://www.wikidata.org/entity/Q3121357,31,cen54
211,http://www.wikidata.org/entity/Q3363311,16,cen54
212,http://www.wikidata.org/entity/Q3420689,31,cen54
213,http://www.wikidata.org/entity/Q86096,11,cen54
214,http://www.wikidata.org/entity/Q84509,10,cen54
215,http://www.wikidata.org/entity/Q83999,19,cen54
216,http://www.wikidata.org/entity/Q87123,6,cen54
217,http://www.wikidata.org/entity/Q838659,13,cen54
218,http://www.wikidata.org/entity/Q3767539,13,cen54
219,http://www.wikidata.org/entity/Q21502787,27,cen54
220,http://www.wikidata.org/entity/Q253996,29,cen54
221,http://www.wikidata.org/entity/Q2539169,2,cen54
222,http://www.wikidata.org/entity/Q2522463,15,cen54
223,http://www.wikidata.org/entity/Q5953172,9,cen54
224,http://www.wikidata.org/entity/Q24009807,8,cen54
225,http://www.wikidata.org/entity/Q5994701,9,cen54
226,http://www.wikidata.org/entity/Q60141,6,cen54
227,http://www.wikidata.org/entity/Q6044728,16,cen54
228,http://www.wikidata.org/entity/Q213729,11,cen54
229,http://www.wikidata.org/entity/Q7184669,6,cen54
230,http://www.wikidata.org/entity/Q17709250,31,cen54
231,http://www.wikidata.org/entity/Q76432,34,cen54
232,http://www.wikidata.org/entity/Q18115768,29,cen54
233,http://www.wikidata.org/entity/Q18730201,24,cen54
234,http://www.wikidata.org/entity/Q740782,2,cen54
235,http://www.wikidata.org/entity/Q11731727,23,cen54
236,http://www.wikidata.org/entity/Q16945443,17,cen54
237,http://www.wikidata.org/entity/Q66113,11,cen54
238,http://www.wikidata.org/entity/Q1701974,7,cen54
239,http://www.wikidata.org/entity/Q2071744,27,cen54
240,http://www.wikidata.org/entity/Q11696246,29,cen54
241,http://www.wikidata.org/entity/Q681866,24,cen54
242,http://www.wikidata.org/entity/Q68812,25,cen54
243,http://www.wikidata.org/entity/Q1749718,15,cen54
244,http://www.wikidata.org/entity/Q90821,6,cen54
245,http://www.wikidata.org/entity/Q157155,0,cen54
246,http://www.wikidata.org/entity/Q2978167,2,cen54
247,http://www.wikidata.org/entity/Q2958707,31,cen54
248,http://www.wikidata.org/entity/Q2958248,32,cen54
249,http://www.wikidata.org/entity/Q5585403,11,cen54
250,http://www.wikidata.org/entity/Q2958167,31,cen54
251,http://www.wikidata.org/entity/Q15063419,29,cen54
252,http://www.wikidata.org/entity/Q5554447,23,cen54
253,http://www.wikidata.org/entity/Q15147418,8,cen54
254,http://www.wikidata.org/entity/Q2754985,24,cen54
255,http://www.wikidata.org/entity/Q2745819,0,cen54
256,http://www.wikidata.org/entity/Q5498764,7,cen54
257,http://www.wikidata.org/entity/Q57106,11,cen54
258,http://www.wikidata.org/entity/Q1733509,6,cen54
259,http://www.wikidata.org/entity/Q15129866,14,cen54
260,http://www.wikidata.org/entity/Q3620334,12,cen54
261,http://www.wikidata.org/entity/Q14379572,8,cen54
262,http://www.wikidata.org/entity/Q141037,7,cen54
263,http://www.wikidata.org/entity/Q15071264,8,cen54
264,http://www.wikidata.org/entity/Q15071913,8,cen54
265,http://www.wikidata.org/entity/Q2935101,29,cen54
266,http://www.wikidata.org/entity/Q3087081,14,cen54
267,http://www.wikidata.org/entity/Q18197539,0,cen54
268,http://www.wikidata.org/entity/Q1281062,17,cen54
269,http://www.wikidata.org/entity/Q1962883,30,cen54
270,http://www.wikidata.org/entity/Q3733911,12,cen54
271,http://www.wikidata.org/entity/Q1281019,31,cen54
272,http://www.wikidata.org/entity/Q17709126,23,cen54
273,http://www.wikidata.org/entity/Q12755604,19,cen54
274,http://www.wikidata.org/entity/Q12666910,8,cen54
275,http://www.wikidata.org/entity/Q12022886,27,cen54
276,http://www.wikidata.org/entity/Q1363776,30,cen54
277,http://www.wikidata.org/entity/Q16031051,32,cen54
278,http://www.wikidata.org/entity/Q3271091,31,cen54
279,http://www.wikidata.org/entity/Q12117475,16,cen54
280,http://www.wikidata.org/entity/Q2424056,9,cen54
281,http://www.wikidata.org/entity/Q1358647,11,cen54
282,http://www.wikidata.org/entity/Q2597767,0,cen54
283,http://www.wikidata.org/entity/Q1347918,0,cen54
284,http://www.wikidata.org/entity/Q2484394,24,cen54
285,http://www.wikidata.org/entity/Q1345868,16,cen54
286,http://www.wikidata.org/entity/Q326906,12,cen54
287,http://www.wikidata.org/entity/Q15994753,7,cen54
288,http://www.wikidata.org/entity/Q335845,24,cen54
289,http://www.wikidata.org/entity/Q2825116,15,cen54
290,http://www.wikidata.org/entity/Q112519,11,cen54
291,http://www.wikidata.org/entity/Q15129910,26,cen54
292,http://www.wikidata.org/entity/Q3105154,12,cen54
293,http://www.wikidata.org/entity/Q2831583,32,cen54
294,http://www.wikidata.org/entity/Q2834296,19,cen54
295,http://www.wikidata.org/entity/Q312503,7,cen54
296,http://www.wikidata.org/entity/Q21815354,9,cen54
297,http://www.wikidata.org/entity/Q1160821,5,cen54
298,http://www.wikidata.org/entity/Q1315627,33,cen54
299,http://www.wikidata.org/entity/Q61213379,16,cen54
300,http://www.wikidata.org/entity/Q4295294,8,cen54
301,http://www.wikidata.org/entity/Q10284995,9,cen54
302,http://www.wikidata.org/entity/Q92208,11,cen54
303,http://www.wikidata.org/entity/Q64142,25,cen54
304,http://www.wikidata.org/entity/Q709657,0,cen54
305,http://www.wikidata.org/entity/Q70423,25,cen54
306,http://www.wikidata.org/entity/Q96699,27,cen54
307,http://www.wikidata.org/entity/Q102022,11,cen54
308,http://www.wikidata.org/entity/Q4491172,8,cen54
309,http://www.wikidata.org/entity/Q110212034,31,cen54
310,http://www.wikidata.org/entity/Q74338,7,cen54
311,http://www.wikidata.org/entity/Q9310778,23,cen54
312,http://www.wikidata.org/entity/Q4969624,16,cen54
313,http://www.wikidata.org/entity/Q90429,11,cen54
314,http://www.wikidata.org/entity/Q9274841,13,cen54
315,http://www.wikidata.org/entity/Q9027844,29,cen54
316,http://www.wikidata.org/entity/Q72884,25,cen54
317,http://www.wikidata.org/entity/Q74197,25,cen54
318,http://www.wikidata.org/entity/Q4348021,26,cen54
319,http://www.wikidata.org/entity/Q95240,25,cen54
320,http://www.wikidata.org/entity/Q462366,5,cen54
321,http://www.wikidata.org/entity/Q55720117,5,cen54
322,http://www.wikidata.org/entity/Q4371166,9,cen54
323,http://www.wikidata.org/entity/Q68483,25,cen54
324,http://www.wikidata.org/entity/Q107094502,30,cen54
325,http://www.wikidata.org/entity/Q108628,18,cen54
326,http://www.wikidata.org/entity/Q75757,16,cen54
327,http://www.wikidata.org/entity/Q84560,11,cen54
328,http://www.wikidata.org/entity/Q56604304,13,cen54
329,http://www.wikidata.org/entity/Q72177,34,cen54
330,http://www.wikidata.org/entity/Q38893566,0,cen54
331,http://www.wikidata.org/entity/Q612080,7,cen54
332,http://www.wikidata.org/entity/Q64445,11,cen54
333,http://www.wikidata.org/entity/Q821261,17,cen54
334,http://www.wikidata.org/entity/Q3856813,12,cen54
335,http://www.wikidata.org/entity/Q766823,15,cen54
336,http://www.wikidata.org/entity/Q4013467,12,cen54
337,http://www.wikidata.org/entity/Q946158,2,cen54
338,http://www.wikidata.org/entity/Q66108,11,cen54
339,http://www.wikidata.org/entity/Q85881,6,cen54
340,http://www.wikidata.org/entity/Q98680,18,cen54
341,http://www.wikidata.org/entity/Q85753,10,cen54
342,http://www.wikidata.org/entity/Q100538,18,cen54
343,http://www.wikidata.org/entity/Q72857,25,cen54
344,http://www.wikidata.org/entity/Q8503464,29,cen54
345,http://www.wikidata.org/entity/Q561470,8,cen54
346,http://www.wikidata.org/entity/Q5625424,31,cen54
347,http://www.wikidata.org/entity/Q6524501,23,cen54
348,http://www.wikidata.org/entity/Q5625700,23,cen54
349,http://www.wikidata.org/entity/Q1548024,18,cen54
350,http://www.wikidata.org/entity/Q15129801,14,cen54
351,http://www.wikidata.org/entity/Q15081069,8,cen54
352,http://www.wikidata.org/entity/Q1507990,11,cen54
353,http://www.wikidata.org/entity/Q1046137,8,cen54
354,http://www.wikidata.org/entity/Q2935001,31,cen54
355,http://www.wikidata.org/entity/Q12146585,29,cen54
356,http://www.wikidata.org/entity/Q716584,24,cen54
357,http://www.wikidata.org/entity/Q15207528,8,cen54
358,http://www.wikidata.org/entity/Q151886,8,cen54
359,http://www.wikidata.org/entity/Q6186961,14,cen54
360,http://www.wikidata.org/entity/Q5948725,9,cen54
361,http://www.wikidata.org/entity/Q6238822,26,cen54
362,http://www.wikidata.org/entity/Q115035222,30,cen54
363,http://www.wikidata.org/entity/Q245332,23,cen54
364,http://www.wikidata.org/entity/Q591957,5,cen54
365,http://www.wikidata.org/entity/Q2524668,29,cen54
366,http://www.wikidata.org/entity/Q7970563,5,cen54
367,http://www.wikidata.org/entity/Q15994259,7,cen54
368,http://www.wikidata.org/entity/Q16351561,19,cen54
369,http://www.wikidata.org/entity/Q1668570,6,cen54
370,http://www.wikidata.org/entity/Q1684637,23,cen54
371,http://www.wikidata.org/entity/Q106375119,12,cen54
372,http://www.wikidata.org/entity/Q2206419,15,cen54
373,http://www.wikidata.org/entity/Q22050777,9,cen54
374,http://www.wikidata.org/entity/Q16495018,9,cen54
375,http://www.wikidata.org/entity/Q8012010,5,cen54
376,http://www.wikidata.org/entity/Q2349252,13,cen54
377,http://www.wikidata.org/entity/Q235796,8,cen54
378,http://www.wikidata.org/entity/Q2548284,7,cen54
379,http://www.wikidata.org/entity/Q5793312,16,cen54
380,http://www.wikidata.org/entity/Q5743237,3,cen54
381,http://www.wikidata.org/entity/Q63244147,30,cen54
382,http://www.wikidata.org/entity/Q1727346,7,cen54
383,http://www.wikidata.org/entity/Q109487,6,cen54
384,http://www.wikidata.org/entity/Q274996,0,cen54
385,http://www.wikidata.org/entity/Q90899,11,cen54
386,http://www.wikidata.org/entity/Q15713676,11,cen54
387,http://www.wikidata.org/entity/Q566768,27,cen54
388,http://www.wikidata.org/entity/Q890698,7,cen54
389,http://www.wikidata.org/entity/Q15976244,30,cen54
390,http://www.wikidata.org/entity/Q2623694,2,cen54
391,http://www.wikidata.org/entity/Q2624559,2,cen54
392,http://www.wikidata.org/entity/Q21607549,0,cen54
393,http://www.wikidata.org/entity/Q26397808,9,cen54
394,http://www.wikidata.org/entity/Q21588389,25,cen54
395,http://www.wikidata.org/entity/Q2645794,11,cen54
396,http://www.wikidata.org/entity/Q580665,31,cen54
397,http://www.wikidata.org/entity/Q15830224,29,cen54
398,http://www.wikidata.org/entity/Q4376494,8,cen54
399,http://www.wikidata.org/entity/Q3427570,16,cen54
400,http://www.wikidata.org/entity/Q4357724,7,cen54
401,http://www.wikidata.org/entity/Q3431655,19,cen54
402,http://www.wikidata.org/entity/Q1290191,19,cen54
403,http://www.wikidata.org/entity/Q34657191,15,cen54
404,http://www.wikidata.org/entity/Q3471185,0,cen54
405,http://www.wikidata.org/entity/Q349828,31,cen54
406,http://www.wikidata.org/entity/Q4306766,8,cen54
407,http://www.wikidata.org/entity/Q34616835,15,cen54
408,http://www.wikidata.org/entity/Q4403877,13,cen54
409,http://www.wikidata.org/entity/Q1296093,25,cen54
410,http://www.wikidata.org/entity/Q461733,24,cen54
411,http://www.wikidata.org/entity/Q1232391,8,cen54
412,http://www.wikidata.org/entity/Q4538138,23,cen54
413,http://www.wikidata.org/entity/Q19754052,31,cen54
414,http://www.wikidata.org/entity/Q97950,8,cen54
415,http://www.wikidata.org/entity/Q3713214,12,cen54
416,http://www.wikidata.org/entity/Q726314,29,cen54
417,http://www.wikidata.org/entity/Q3726169,9,cen54
418,http://www.wikidata.org/entity/Q100531,18,cen54
419,http://www.wikidata.org/entity/Q100487,6,cen54
420,http://www.wikidata.org/entity/Q1004178,27,cen54
421,http://www.wikidata.org/entity/Q1251453,19,cen54
422,http://www.wikidata.org/entity/Q3755533,9,cen54
423,http://www.wikidata.org/entity/Q124692194,33,cen54
424,http://www.wikidata.org/entity/Q71255,25,cen54
425,http://www.wikidata.org/entity/Q3568666,7,cen54
426,http://www.wikidata.org/entity/Q4240591,8,cen54
427,http://www.wikidata.org/entity/Q12373890,19,cen54
428,http://www.wikidata.org/entity/Q72860,23,cen54
429,http://www.wikidata.org/entity/Q111407,11,cen54
430,http://www.wikidata.org/entity/Q4218777,0,cen54
431,http://www.wikidata.org/entity/Q728589,12,cen54
432,http://www.wikidata.org/entity/Q98454884,0,cen54
433,http://www.wikidata.org/entity/Q12789073,27,cen54
434,http://www.wikidata.org/entity/Q1891695,9,cen54
435,http://www.wikidata.org/entity/Q4085246,13,cen54
436,http://www.wikidata.org/entity/Q3659576,12,cen54
437,http://www.wikidata.org/entity/Q451292,21,cen54
438,http://www.wikidata.org/entity/Q3099150,0,cen54
439,http://www.wikidata.org/entity/Q2060908,11,cen54
440,http://www.wikidata.org/entity/Q311816,2,cen54
441,http://www.wikidata.org/entity/Q1398142,21,cen54
442,http://www.wikidata.org/entity/Q508907,31,cen54
443,http://www.wikidata.org/entity/Q18224163,9,cen54
444,http://www.wikidata.org/entity/Q6708242,27,cen54
445,http://www.wikidata.org/entity/Q1226271,19,cen54
446,http://www.wikidata.org/entity/Q5458291,7,cen54
447,http://www.wikidata.org/entity/Q541418,15,cen54
448,http://www.wikidata.org/entity/Q3059980,0,cen54
449,http://www.wikidata.org/entity/Q11928073,9,cen54
450,http://www.wikidata.org/entity/Q1461048,25,cen54
451,http://www.wikidata.org/entity/Q4992359,16,cen54
452,http://www.wikidata.org/entity/Q20652703,9,cen54
453,http://www.wikidata.org/entity/Q536227,12,cen54
454,http://www.wikidata.org/entity/Q22330640,31,cen54
455,http://www.wikidata.org/entity/Q18175820,21,cen54
456,http://www.wikidata.org/entity/Q3092618,0,cen54
457,http://www.wikidata.org/entity/Q4936482,30,cen54
458,http://www.wikidata.org/entity/Q103102,34,cen54
459,http://www.wikidata.org/entity/Q4720183,24,cen54
460,http://www.wikidata.org/entity/Q69297,11,cen54
461,http://www.wikidata.org/entity/Q106986671,19,cen54
462,http://www.wikidata.org/entity/Q47004157,8,cen54
463,http://www.wikidata.org/entity/Q3271450,32,cen54
464,http://www.wikidata.org/entity/Q6699233,27,cen54
465,http://www.wikidata.org/entity/Q18533778,20,cen54
466,http://www.wikidata.org/entity/Q76294,6,cen54
467,http://www.wikidata.org/entity/Q16855647,15,cen54
468,http://www.wikidata.org/entity/Q1914032,18,cen54
469,http://www.wikidata.org/entity/Q7449866,21,cen54
470,http://www.wikidata.org/entity/Q106635203,30,cen54
471,http://www.wikidata.org/entity/Q18762369,27,cen54
472,http://www.wikidata.org/entity/Q188929,7,cen54
473,http://www.wikidata.org/entity/Q72507,25,cen54
474,http://www.wikidata.org/entity/Q16939316,12,cen54
475,http://www.wikidata.org/entity/Q17494168,0,cen54
476,http://www.wikidata.org/entity/Q104776973,19,cen54
477,http://www.wikidata.org/entity/Q1363160,24,cen54
478,http://www.wikidata.org/entity/Q1360932,19,cen54
479,http://www.wikidata.org/entity/Q95243763,5,cen54
480,http://www.wikidata.org/entity/Q1336912,10,cen54
481,http://www.wikidata.org/entity/Q137052863,33,cen54
482,http://www.wikidata.org/entity/Q1446498,25,cen54
483,http://www.wikidata.org/entity/Q1372544,3,cen54
484,http://www.wikidata.org/entity/Q950726,24,cen54
485,http://www.wikidata.org/entity/Q95456264,13,cen54
486,http://www.wikidata.org/entity/Q984339,6,cen54
487,http://www.wikidata.org/entity/Q1276479,9,cen54
488,http://www.wikidata.org/entity/Q12730808,19,cen54
489,http://www.wikidata.org/entity/Q12816678,33,cen54
490,http://www.wikidata.org/entity/Q1252735,1,cen54
491,http://www.wikidata.org/entity/Q1285721,17,cen54
492,http://www.wikidata.org/entity/Q123424215,26,cen54
493,http://www.wikidata.org/entity/Q1296076,33,cen54
494,http://www.wikidata.org/entity/Q97218,6,cen54
495,http://www.wikidata.org/entity/Q972619,2,cen54
496,http://www.wikidata.org/entity/Q97401,23,cen54
497,http://www.wikidata.org/entity/Q97420,25,cen54
498,http://www.wikidata.org/entity/Q97433,25,cen54
499,http://www.wikidata.org/entity/Q15996296,17,cen54
500,http://www.wikidata.org/entity/Q15973578,0,cen54
501,http://www.wikidata.org/entity/Q900083,33,cen54
502,http://www.wikidata.org/entity/Q88099,27,cen54
503,http://www.wikidata.org/entity/Q15830372,13,cen54
504,http://www.wikidata.org/entity/Q9057494,9,cen54
505,http://www.wikidata.org/entity/Q15830118,29,cen54
506,http://www.wikidata.org/entity/Q90859,6,cen54
507,http://www.wikidata.org/entity/Q8340102,17,cen54
508,http://www.wikidata.org/entity/Q12028285,27,cen54
509,http://www.wikidata.org/entity/Q16543853,23,cen54
510,http://www.wikidata.org/entity/Q1605876,2,cen54
511,http://www.wikidata.org/entity/Q1613290,25,cen54
512,http://www.wikidata.org/entity/Q90881,11,cen54
513,http://www.wikidata.org/entity/Q15132373,8,cen54
514,http://www.wikidata.org/entity/Q15129964,5,cen54
515,http://www.wikidata.org/entity/Q1508830,32,cen54
516,http://www.wikidata.org/entity/Q12174088,8,cen54
517,http://www.wikidata.org/entity/Q94720,27,cen54
518,http://www.wikidata.org/entity/Q94079,10,cen54
519,http://www.wikidata.org/entity/Q92579980,24,cen54
520,http://www.wikidata.org/entity/Q91901,25,cen54
521,http://www.wikidata.org/entity/Q1568321,29,cen54
522,http://www.wikidata.org/entity/Q15631311,17,cen54
523,http://www.wikidata.org/entity/Q1052303,7,cen54
524,http://www.wikidata.org/entity/Q1214220,33,cen54
525,http://www.wikidata.org/entity/Q694801,29,cen54
526,http://www.wikidata.org/entity/Q60239,11,cen54
527,http://www.wikidata.org/entity/Q5997628,9,cen54
528,http://www.wikidata.org/entity/Q3270911,2,cen54
529,http://www.wikidata.org/entity/Q5929895,31,cen54
530,http://www.wikidata.org/entity/Q47008707,31,cen54
531,http://www.wikidata.org/entity/Q326308,24,cen54
532,http://www.wikidata.org/entity/Q26179076,31,cen54
533,http://www.wikidata.org/entity/Q2573789,27,cen54
534,http://www.wikidata.org/entity/Q11285472,26,cen54
535,http://www.wikidata.org/entity/Q3184485,31,cen54
536,http://www.wikidata.org/entity/Q5912032,3,cen54
537,http://www.wikidata.org/entity/Q47516319,31,cen54
538,http://www.wikidata.org/entity/Q23498547,32,cen54
539,http://www.wikidata.org/entity/Q2343321,19,cen54
540,http://www.wikidata.org/entity/Q329164,27,cen54
541,http://www.wikidata.org/entity/Q61475794,12,cen54
542,http://www.wikidata.org/entity/Q4437935,21,cen54
543,http://www.wikidata.org/entity/Q2218492,12,cen54
544,http://www.wikidata.org/entity/Q4446722,8,cen54
545,http://www.wikidata.org/entity/Q21722850,32,cen54
546,http://www.wikidata.org/entity/Q4418113,29,cen54
547,http://www.wikidata.org/entity/Q4401157,19,cen54
548,http://www.wikidata.org/entity/Q61423,11,cen54
549,http://www.wikidata.org/entity/Q61421,6,cen54
550,http://www.wikidata.org/entity/Q4539987,13,cen54
551,http://www.wikidata.org/entity/Q60700,11,cen54
552,http://www.wikidata.org/entity/Q60727470,24,cen54
553,http://www.wikidata.org/entity/Q6079971,16,cen54
554,http://www.wikidata.org/entity/Q333292,2,cen54
555,http://www.wikidata.org/entity/Q3357633,17,cen54
556,http://www.wikidata.org/entity/Q611082,32,cen54
557,http://www.wikidata.org/entity/Q611708,23,cen54
558,http://www.wikidata.org/entity/Q114416,10,cen54
559,http://www.wikidata.org/entity/Q2643243,21,cen54
560,http://www.wikidata.org/entity/Q114368015,29,cen54
561,http://www.wikidata.org/entity/Q5321471,19,cen54
562,http://www.wikidata.org/entity/Q5237004,7,cen54
563,http://www.wikidata.org/entity/Q519129,30,cen54
564,http://www.wikidata.org/entity/Q3101554,23,cen54
565,http://www.wikidata.org/entity/Q5126408,14,cen54
566,http://www.wikidata.org/entity/Q2958889,2,cen54
567,http://www.wikidata.org/entity/Q541964,2,cen54
568,http://www.wikidata.org/entity/Q3048662,14,cen54
569,http://www.wikidata.org/entity/Q5536028,14,cen54
570,http://www.wikidata.org/entity/Q552436,2,cen54
571,http://www.wikidata.org/entity/Q30611302,33,cen54
572,http://www.wikidata.org/entity/Q2959074,14,cen54
573,http://www.wikidata.org/entity/Q5346218,26,cen54
574,http://www.wikidata.org/entity/Q28359162,33,cen54
575,http://www.wikidata.org/entity/Q114109,27,cen54
576,http://www.wikidata.org/entity/Q5725627,24,cen54
577,http://www.wikidata.org/entity/Q5741146,29,cen54
578,http://www.wikidata.org/entity/Q2721769,9,cen54
579,http://www.wikidata.org/entity/Q5793779,17,cen54
580,http://www.wikidata.org/entity/Q4895832,7,cen54
581,http://www.wikidata.org/entity/Q4798762,26,cen54
582,http://www.wikidata.org/entity/Q55838595,27,cen54
583,http://www.wikidata.org/entity/Q2834329,21,cen54
584,http://www.wikidata.org/entity/Q3131147,31,cen54
585,http://www.wikidata.org/entity/Q503416,12,cen54
586,http://www.wikidata.org/entity/Q56817061,5,cen54
587,http://www.wikidata.org/entity/Q3131806,31,cen54
588,http://www.wikidata.org/entity/Q6255143,5,cen54
589,http://www.wikidata.org/entity/Q202790,0,cen54
590,http://www.wikidata.org/entity/Q68273,11,cen54
591,http://www.wikidata.org/entity/Q3694305,12,cen54
592,http://www.wikidata.org/entity/Q41453051,5,cen54
593,http://www.wikidata.org/entity/Q4145718,8,cen54
594,http://www.wikidata.org/entity/Q20679115,5,cen54
595,http://www.wikidata.org/entity/Q20679429,14,cen54
596,http://www.wikidata.org/entity/Q4183081,19,cen54
597,http://www.wikidata.org/entity/Q20723040,17,cen54
598,http://www.wikidata.org/entity/Q360871,11,cen54
599,http://www.wikidata.org/entity/Q3588486,0,cen54
600,http://www.wikidata.org/entity/Q2011821,8,cen54
601,http://www.wikidata.org/entity/Q200911,24,cen54
602,http://www.wikidata.org/entity/Q68768205,13,cen54
603,http://www.wikidata.org/entity/Q3808852,26,cen54
604,http://www.wikidata.org/entity/Q3920287,23,cen54
605,http://www.wikidata.org/entity/Q3588414,2,cen54
606,http://www.wikidata.org/entity/Q3920289,23,cen54
607,http://www.wikidata.org/entity/Q69896,6,cen54
608,http://www.wikidata.org/entity/Q19753770,27,cen54
609,http://www.wikidata.org/entity/Q3920325,9,cen54
610,http://www.wikidata.org/entity/Q19848900,16,cen54
611,http://www.wikidata.org/entity/Q697844,29,cen54
612,http://www.wikidata.org/entity/Q694826,6,cen54
613,http://www.wikidata.org/entity/Q3741707,12,cen54
614,http://www.wikidata.org/entity/Q68824,16,cen54
615,http://www.wikidata.org/entity/Q4228527,8,cen54
616,http://www.wikidata.org/entity/Q216031,6,cen54
617,http://www.wikidata.org/entity/Q3568378,7,cen54
618,http://www.wikidata.org/entity/Q215900,18,cen54
619,http://www.wikidata.org/entity/Q4331070,29,cen54
620,http://www.wikidata.org/entity/Q65239,6,cen54
621,http://www.wikidata.org/entity/Q63224,6,cen54
622,http://www.wikidata.org/entity/Q3523685,7,cen54
623,http://www.wikidata.org/entity/Q21282616,9,cen54
624,http://www.wikidata.org/entity/Q65690,11,cen54
625,http://www.wikidata.org/entity/Q659722,0,cen54
626,http://www.wikidata.org/entity/Q95070984,29,cen54
627,http://www.wikidata.org/entity/Q37434566,17,cen54
628,http://www.wikidata.org/entity/Q3059981,15,cen54
629,http://www.wikidata.org/entity/Q1403449,6,cen54
630,http://www.wikidata.org/entity/Q3121192,17,cen54
631,http://www.wikidata.org/entity/Q1405650,11,cen54
632,http://www.wikidata.org/entity/Q97541,11,cen54
633,http://www.wikidata.org/entity/Q1380415,23,cen54
634,http://www.wikidata.org/entity/Q1262918,14,cen54
635,http://www.wikidata.org/entity/Q313061,27,cen54
636,http://www.wikidata.org/entity/Q138398043,13,cen54
637,http://www.wikidata.org/entity/Q3098976,17,cen54
638,http://www.wikidata.org/entity/Q124844029,30,cen54
639,http://www.wikidata.org/entity/Q1460274,6,cen54
640,http://www.wikidata.org/entity/Q3435947,7,cen54
641,http://www.wikidata.org/entity/Q4392137,8,cen54
642,http://www.wikidata.org/entity/Q53748,8,cen54
643,http://www.wikidata.org/entity/Q3776786,24,cen54
644,http://www.wikidata.org/entity/Q13033552,19,cen54
645,http://www.wikidata.org/entity/Q5337343,26,cen54
646,http://www.wikidata.org/entity/Q3092540,31,cen54
647,http://www.wikidata.org/entity/Q3733939,12,cen54
648,http://www.wikidata.org/entity/Q4424785,21,cen54
649,http://www.wikidata.org/entity/Q39162247,8,cen54
650,http://www.wikidata.org/entity/Q3371292,0,cen54
651,http://www.wikidata.org/entity/Q329382,31,cen54
652,http://www.wikidata.org/entity/Q4522930,13,cen54
653,http://www.wikidata.org/entity/Q135678219,8,cen54
654,http://www.wikidata.org/entity/Q365982,6,cen54
655,http://www.wikidata.org/entity/Q3188944,2,cen54
656,http://www.wikidata.org/entity/Q1336729,10,cen54
657,http://www.wikidata.org/entity/Q98276,11,cen54
658,http://www.wikidata.org/entity/Q464580,9,cen54
659,http://www.wikidata.org/entity/Q466145,26,cen54
660,http://www.wikidata.org/entity/Q3579724,0,cen54
661,http://www.wikidata.org/entity/Q952574,24,cen54
662,http://www.wikidata.org/entity/Q95166164,28,cen54
663,http://www.wikidata.org/entity/Q502983,29,cen54
664,http://www.wikidata.org/entity/Q1370020,22,cen54
665,http://www.wikidata.org/entity/Q504597,5,cen54
666,http://www.wikidata.org/entity/Q1372825,19,cen54
667,http://www.wikidata.org/entity/Q96716,11,cen54
668,http://www.wikidata.org/entity/Q1334262,18,cen54
669,http://www.wikidata.org/entity/Q502932,14,cen54
670,http://www.wikidata.org/entity/Q4481261,8,cen54
671,http://www.wikidata.org/entity/Q1358899,10,cen54
672,http://www.wikidata.org/entity/Q3314419,19,cen54
673,http://www.wikidata.org/entity/Q4496130,8,cen54
674,http://www.wikidata.org/entity/Q3556340,24,cen54
675,http://www.wikidata.org/entity/Q3348837,15,cen54
676,http://www.wikidata.org/entity/Q6263549,26,cen54
677,http://www.wikidata.org/entity/Q7970314,12,cen54
678,http://www.wikidata.org/entity/Q1700189,24,cen54
679,http://www.wikidata.org/entity/Q1700856,24,cen54
680,http://www.wikidata.org/entity/Q7965639,5,cen54
681,http://www.wikidata.org/entity/Q2157867,11,cen54
682,http://www.wikidata.org/entity/Q6376534,30,cen54
683,http://www.wikidata.org/entity/Q64339,6,cen54
684,http://www.wikidata.org/entity/Q1730778,11,cen54
685,http://www.wikidata.org/entity/Q6543589,14,cen54
686,http://www.wikidata.org/entity/Q6543676,13,cen54
687,http://www.wikidata.org/entity/Q6239944,3,cen54
688,http://www.wikidata.org/entity/Q8008242,5,cen54
689,http://www.wikidata.org/entity/Q231360,30,cen54
690,http://www.wikidata.org/entity/Q6108129,9,cen54
691,http://www.wikidata.org/entity/Q6108135,7,cen54
692,http://www.wikidata.org/entity/Q16665118,0,cen54
693,http://www.wikidata.org/entity/Q2262945,11,cen54
694,http://www.wikidata.org/entity/Q8052691,8,cen54
695,http://www.wikidata.org/entity/Q6153361,30,cen54
696,http://www.wikidata.org/entity/Q16931101,19,cen54
697,http://www.wikidata.org/entity/Q16668993,8,cen54
698,http://www.wikidata.org/entity/Q7791135,5,cen54
699,http://www.wikidata.org/entity/Q732247,8,cen54
700,http://www.wikidata.org/entity/Q19753859,15,cen54
701,http://www.wikidata.org/entity/Q70079,6,cen54
702,http://www.wikidata.org/entity/Q728706,13,cen54
703,http://www.wikidata.org/entity/Q706436,7,cen54
704,http://www.wikidata.org/entity/Q1894800,30,cen54
705,http://www.wikidata.org/entity/Q19606758,17,cen54
706,http://www.wikidata.org/entity/Q72855,23,cen54
707,http://www.wikidata.org/entity/Q1902794,8,cen54
708,http://www.wikidata.org/entity/Q7274018,8,cen54
709,http://www.wikidata.org/entity/Q19513832,23,cen54
710,http://www.wikidata.org/entity/Q716268,31,cen54
711,http://www.wikidata.org/entity/Q19149711,8,cen54
712,http://www.wikidata.org/entity/Q66305432,13,cen54
713,http://www.wikidata.org/entity/Q2079726,21,cen54
714,http://www.wikidata.org/entity/Q1761011,17,cen54
715,http://www.wikidata.org/entity/Q771698,24,cen54
716,http://www.wikidata.org/entity/Q769799,17,cen54
717,http://www.wikidata.org/entity/Q18197315,0,cen54
718,http://www.wikidata.org/entity/Q66092,6,cen54
719,http://www.wikidata.org/entity/Q2062898,18,cen54
720,http://www.wikidata.org/entity/Q749349,27,cen54
721,http://www.wikidata.org/entity/Q201834,17,cen54
722,http://www.wikidata.org/entity/Q18535691,24,cen54
723,http://www.wikidata.org/entity/Q7413043,5,cen54
724,http://www.wikidata.org/entity/Q1860948,24,cen54
725,http://www.wikidata.org/entity/Q7365122,24,cen54
726,http://www.wikidata.org/entity/Q84873,11,cen54
727,http://www.wikidata.org/entity/Q60623914,13,cen54
728,http://www.wikidata.org/entity/Q2871033,0,cen54
729,http://www.wikidata.org/entity/Q55719619,17,cen54
730,http://www.wikidata.org/entity/Q5572691,3,cen54
731,http://www.wikidata.org/entity/Q15411458,12,cen54
732,http://www.wikidata.org/entity/Q55771113,17,cen54
733,http://www.wikidata.org/entity/Q15431799,17,cen54
734,http://www.wikidata.org/entity/Q15435691,2,cen54
735,http://www.wikidata.org/entity/Q15444730,10,cen54
736,http://www.wikidata.org/entity/Q1546669,11,cen54
737,http://www.wikidata.org/entity/Q92465,23,cen54
738,http://www.wikidata.org/entity/Q2831415,5,cen54
739,http://www.wikidata.org/entity/Q28805573,30,cen54
740,http://www.wikidata.org/entity/Q94821393,5,cen54
741,http://www.wikidata.org/entity/Q5498949,7,cen54
742,http://www.wikidata.org/entity/Q55089118,8,cen54
743,http://www.wikidata.org/entity/Q55105498,13,cen54
744,http://www.wikidata.org/entity/Q28055083,31,cen54
745,http://www.wikidata.org/entity/Q2959029,15,cen54
746,http://www.wikidata.org/entity/Q554386,12,cen54
747,http://www.wikidata.org/entity/Q15129922,14,cen54
748,http://www.wikidata.org/entity/Q2917652,24,cen54
749,http://www.wikidata.org/entity/Q2898660,31,cen54
750,http://www.wikidata.org/entity/Q28945526,25,cen54
751,http://www.wikidata.org/entity/Q5526725,2,cen54
752,http://www.wikidata.org/entity/Q15994747,24,cen54
753,http://www.wikidata.org/entity/Q5910045,24,cen54
754,http://www.wikidata.org/entity/Q2528910,12,cen54
755,http://www.wikidata.org/entity/Q88197,10,cen54
756,http://www.wikidata.org/entity/Q2484224,2,cen54
757,http://www.wikidata.org/entity/Q881407,22,cen54
758,http://www.wikidata.org/entity/Q2555291,19,cen54
759,http://www.wikidata.org/entity/Q24680623,19,cen54
760,http://www.wikidata.org/entity/Q87985,29,cen54
761,http://www.wikidata.org/entity/Q240216,23,cen54
762,http://www.wikidata.org/entity/Q23951649,30,cen54
763,http://www.wikidata.org/entity/Q2394494,9,cen54
764,http://www.wikidata.org/entity/Q16111433,27,cen54
765,http://www.wikidata.org/entity/Q1613094,25,cen54
766,http://www.wikidata.org/entity/Q605386,12,cen54
767,http://www.wikidata.org/entity/Q3041248,7,cen54
768,http://www.wikidata.org/entity/Q919826,3,cen54
769,http://www.wikidata.org/entity/Q91610,6,cen54
770,http://www.wikidata.org/entity/Q9093309,19,cen54
771,http://www.wikidata.org/entity/Q90886,25,cen54
772,http://www.wikidata.org/entity/Q5717733,7,cen54
773,http://www.wikidata.org/entity/Q893610,19,cen54
774,http://www.wikidata.org/entity/Q274266,17,cen54
775,http://www.wikidata.org/entity/Q2686748,13,cen54
776,http://www.wikidata.org/entity/Q158765,7,cen54
777,http://www.wikidata.org/entity/Q2645084,11,cen54
778,http://www.wikidata.org/entity/Q15970896,2,cen54
779,http://www.wikidata.org/entity/Q5856223,3,cen54
780,http://www.wikidata.org/entity/Q999782,13,cen54
781,http://www.wikidata.org/entity/Q116309,8,cen54
782,http://www.wikidata.org/entity/Q123221390,22,cen54
783,http://www.wikidata.org/entity/Q105453928,16,cen54
784,http://www.wikidata.org/entity/Q11681434,9,cen54
785,http://www.wikidata.org/entity/Q10854076,29,cen54
786,http://www.wikidata.org/entity/Q1037052,3,cen54
787,http://www.wikidata.org/entity/Q118309,6,cen54
788,http://www.wikidata.org/entity/Q11769751,23,cen54
789,http://www.wikidata.org/entity/Q110295,25,cen54
790,http://www.wikidata.org/entity/Q109998751,0,cen54
791,http://www.wikidata.org/entity/Q1080053,15,cen54
792,http://www.wikidata.org/entity/Q114662,10,cen54
793,http://www.wikidata.org/entity/Q100279,18,cen54
794,http://www.wikidata.org/entity/Q12021645,29,cen54
795,http://www.wikidata.org/entity/Q106370881,13,cen54
796,http://www.wikidata.org/entity/Q1227551,17,cen54
797,http://www.wikidata.org/entity/Q1122505,1,cen54
798,http://www.wikidata.org/entity/Q12017264,13,cen54
799,http://www.wikidata.org/entity/Q12022389,13,cen54
800,http://www.wikidata.org/entity/Q8008742,26,cen54
801,http://www.wikidata.org/entity/Q15450258,5,cen54
802,http://www.wikidata.org/entity/Q442669,7,cen54
803,http://www.wikidata.org/entity/Q3297026,2,cen54
804,http://www.wikidata.org/entity/Q8025368,30,cen54
805,http://www.wikidata.org/entity/Q441060,7,cen54
806,http://www.wikidata.org/entity/Q11737885,13,cen54
807,http://www.wikidata.org/entity/Q462604,31,cen54
808,http://www.wikidata.org/entity/Q121278,25,cen54
809,http://www.wikidata.org/entity/Q3735627,8,cen54
810,http://www.wikidata.org/entity/Q1314254,33,cen54
811,http://www.wikidata.org/entity/Q112073390,1,cen54
812,http://www.wikidata.org/entity/Q19910169,13,cen54
813,http://www.wikidata.org/entity/Q937528,2,cen54
814,http://www.wikidata.org/entity/Q942525,9,cen54
815,http://www.wikidata.org/entity/Q67392,11,cen54
816,http://www.wikidata.org/entity/Q107810,11,cen54
817,http://www.wikidata.org/entity/Q111083349,22,cen54
818,http://www.wikidata.org/entity/Q6687197,24,cen54
819,http://www.wikidata.org/entity/Q1580006,6,cen54
820,http://www.wikidata.org/entity/Q1918460,7,cen54
821,http://www.wikidata.org/entity/Q12351068,19,cen54
822,http://www.wikidata.org/entity/Q1037854,11,cen54
823,http://www.wikidata.org/entity/Q1376456,7,cen54
824,http://www.wikidata.org/entity/Q3133505,14,cen54
825,http://www.wikidata.org/entity/Q12282139,13,cen54
826,http://www.wikidata.org/entity/Q95075840,27,cen54
827,http://www.wikidata.org/entity/Q2440796,2,cen54
828,http://www.wikidata.org/entity/Q12350340,19,cen54
829,http://www.wikidata.org/entity/Q18935001,5,cen54
830,http://www.wikidata.org/entity/Q3131864,0,cen54
831,http://www.wikidata.org/entity/Q62933,6,cen54
832,http://www.wikidata.org/entity/Q47544440,33,cen54
833,http://www.wikidata.org/entity/Q4721227,19,cen54
834,http://www.wikidata.org/entity/Q637822,8,cen54
835,http://www.wikidata.org/entity/Q12348594,13,cen54
836,http://www.wikidata.org/entity/Q1378509,16,cen54
837,http://www.wikidata.org/entity/Q4723536,14,cen54
838,http://www.wikidata.org/entity/Q12349485,28,cen54
839,http://www.wikidata.org/entity/Q47498580,22,cen54
840,http://www.wikidata.org/entity/Q47489692,26,cen54
841,http://www.wikidata.org/entity/Q1175734,5,cen54
842,http://www.wikidata.org/entity/Q6333006,13,cen54
843,http://www.wikidata.org/entity/Q63344,11,cen54
844,http://www.wikidata.org/entity/Q12120526,9,cen54
845,http://www.wikidata.org/entity/Q6411228,19,cen54
846,http://www.wikidata.org/entity/Q332206,2,cen54
847,http://www.wikidata.org/entity/Q208993,8,cen54
848,http://www.wikidata.org/entity/Q1067188,6,cen54
849,http://www.wikidata.org/entity/Q87399466,20,cen54
850,http://www.wikidata.org/entity/Q1352388,31,cen54
851,http://www.wikidata.org/entity/Q4054679,31,cen54
852,http://www.wikidata.org/entity/Q76176,27,cen54
853,http://www.wikidata.org/entity/Q1466721,11,cen54
854,http://www.wikidata.org/entity/Q134837745,8,cen54
855,http://www.wikidata.org/entity/Q12304965,16,cen54
856,http://www.wikidata.org/entity/Q356134,7,cen54
857,http://www.wikidata.org/entity/Q4078073,29,cen54
858,http://www.wikidata.org/entity/Q75968,23,cen54
859,http://www.wikidata.org/entity/Q122267,6,cen54
860,http://www.wikidata.org/entity/Q3565305,0,cen54
861,http://www.wikidata.org/entity/Q1159985,13,cen54
862,http://www.wikidata.org/entity/Q21093966,8,cen54
863,http://www.wikidata.org/entity/Q106673969,30,cen54
864,http://www.wikidata.org/entity/Q86225,29,cen54
865,http://www.wikidata.org/entity/Q851324,13,cen54
866,http://www.wikidata.org/entity/Q1160241,13,cen54
867,http://www.wikidata.org/entity/Q3919249,19,cen54
868,http://www.wikidata.org/entity/Q20991650,31,cen54
869,http://www.wikidata.org/entity/Q1165653,33,cen54
870,http://www.wikidata.org/entity/Q1063371,29,cen54
871,http://www.wikidata.org/entity/Q1468952,11,cen54
872,http://www.wikidata.org/entity/Q3353230,9,cen54
873,http://www.wikidata.org/entity/Q33643270,17,cen54
874,http://www.wikidata.org/entity/Q3703306,7,cen54
875,http://www.wikidata.org/entity/Q1064164,2,cen54
876,http://www.wikidata.org/entity/Q1073926,32,cen54
877,http://www.wikidata.org/entity/Q3324093,31,cen54
878,http://www.wikidata.org/entity/Q930798,27,cen54
879,http://www.wikidata.org/entity/Q4293370,8,cen54
880,http://www.wikidata.org/entity/Q2028056,12,cen54
881,http://www.wikidata.org/entity/Q2134275,31,cen54
882,http://www.wikidata.org/entity/Q1329968,24,cen54
883,http://www.wikidata.org/entity/Q105203,6,cen54
884,http://www.wikidata.org/entity/Q7360509,31,cen54
885,http://www.wikidata.org/entity/Q366786,2,cen54
886,http://www.wikidata.org/entity/Q4089818,8,cen54
887,http://www.wikidata.org/entity/Q12315440,16,cen54
888,http://www.wikidata.org/entity/Q12312690,16,cen54
889,http://www.wikidata.org/entity/Q346765,0,cen54
890,http://www.wikidata.org/entity/Q22996017,15,cen54
891,http://www.wikidata.org/entity/Q4112484,26,cen54
892,http://www.wikidata.org/entity/Q1507551,14,cen54
893,http://www.wikidata.org/entity/Q12172738,29,cen54
894,http://www.wikidata.org/entity/Q368821,2,cen54
895,http://www.wikidata.org/entity/Q1161430,2,cen54
896,http://www.wikidata.org/entity/Q90407444,2,cen54
897,http://www.wikidata.org/entity/Q7328095,26,cen54
898,http://www.wikidata.org/entity/Q733602,24,cen54
899,http://www.wikidata.org/entity/Q114006380,31,cen54
900,http://www.wikidata.org/entity/Q54086509,23,cen54
901,http://www.wikidata.org/entity/Q2901139,19,cen54
902,http://www.wikidata.org/entity/Q17492588,30,cen54
903,http://www.wikidata.org/entity/Q28927649,28,cen54
904,http://www.wikidata.org/entity/Q954811,3,cen54
905,http://www.wikidata.org/entity/Q96028,24,cen54
906,http://www.wikidata.org/entity/Q17421981,5,cen54
907,http://www.wikidata.org/entity/Q125637,11,cen54
908,http://www.wikidata.org/entity/Q5853538,32,cen54
909,http://www.wikidata.org/entity/Q5345625,30,cen54
910,http://www.wikidata.org/entity/Q519258,22,cen54
911,http://www.wikidata.org/entity/Q25494876,8,cen54
912,http://www.wikidata.org/entity/Q29896507,15,cen54
913,http://www.wikidata.org/entity/Q5989584,24,cen54
914,http://www.wikidata.org/entity/Q95355,34,cen54
915,http://www.wikidata.org/entity/Q1612529,12,cen54
916,http://www.wikidata.org/entity/Q524221,7,cen54
917,http://www.wikidata.org/entity/Q52555069,19,cen54
918,http://www.wikidata.org/entity/Q12037808,13,cen54
919,http://www.wikidata.org/entity/Q2939316,9,cen54
920,http://www.wikidata.org/entity/Q124847693,30,cen54
921,http://www.wikidata.org/entity/Q56707769,12,cen54
922,http://www.wikidata.org/entity/Q124618694,22,cen54
923,http://www.wikidata.org/entity/Q5622122,7,cen54
924,http://www.wikidata.org/entity/Q55695219,2,cen54
925,http://www.wikidata.org/entity/Q16746273,12,cen54
926,http://www.wikidata.org/entity/Q2698378,11,cen54
927,http://www.wikidata.org/entity/Q965850,19,cen54
928,http://www.wikidata.org/entity/Q2847467,0,cen54
929,http://www.wikidata.org/entity/Q55415726,30,cen54
930,http://www.wikidata.org/entity/Q5761394,30,cen54
931,http://www.wikidata.org/entity/Q26702701,22,cen54
932,http://www.wikidata.org/entity/Q2835328,17,cen54
933,http://www.wikidata.org/entity/Q573778,24,cen54
934,http://www.wikidata.org/entity/Q97436,34,cen54
935,http://www.wikidata.org/entity/Q124994165,18,cen54
936,http://www.wikidata.org/entity/Q114314889,17,cen54
937,http://www.wikidata.org/entity/Q1931256,32,cen54
938,http://www.wikidata.org/entity/Q5081858,14,cen54
939,http://www.wikidata.org/entity/Q18539733,29,cen54
940,http://www.wikidata.org/entity/Q2483131,7,cen54
941,http://www.wikidata.org/entity/Q311538,26,cen54
942,http://www.wikidata.org/entity/Q2543450,11,cen54
943,http://www.wikidata.org/entity/Q311931,6,cen54
944,http://www.wikidata.org/entity/Q12815124,27,cen54
945,http://www.wikidata.org/entity/Q3120354,31,cen54
946,http://www.wikidata.org/entity/Q5126758,26,cen54
947,http://www.wikidata.org/entity/Q24688453,23,cen54
948,http://www.wikidata.org/entity/Q12729764,1,cen54
949,http://www.wikidata.org/entity/Q18629723,25,cen54
950,http://www.wikidata.org/entity/Q1598894,10,cen54
951,http://www.wikidata.org/entity/Q5083028,26,cen54
952,http://www.wikidata.org/entity/Q1285011,22,cen54
953,http://www.wikidata.org/entity/Q24579060,22,cen54
954,http://www.wikidata.org/entity/Q12725558,13,cen54
955,http://www.wikidata.org/entity/Q3059682,0,cen54
956,http://www.wikidata.org/entity/Q120945,25,cen54
957,http://www.wikidata.org/entity/Q1382698,8,cen54
958,http://www.wikidata.org/entity/Q16693245,8,cen54
959,http://www.wikidata.org/entity/Q1381628,23,cen54
960,http://www.wikidata.org/entity/Q122503,0,cen54
961,http://www.wikidata.org/entity/Q1115790,10,cen54
962,http://www.wikidata.org/entity/Q1731722,11,cen54
963,http://www.wikidata.org/entity/Q16697983,29,cen54
964,http://www.wikidata.org/entity/Q19257706,9,cen54
965,http://www.wikidata.org/entity/Q8005357,14,cen54
966,http://www.wikidata.org/entity/Q16701999,28,cen54
967,http://www.wikidata.org/entity/Q110137042,29,cen54
968,http://www.wikidata.org/entity/Q3920401,21,cen54
969,http://www.wikidata.org/entity/Q4002845,12,cen54
970,http://www.wikidata.org/entity/Q21294807,15,cen54
971,http://www.wikidata.org/entity/Q18911451,22,cen54
972,http://www.wikidata.org/entity/Q1704275,10,cen54
973,http://www.wikidata.org/entity/Q11878493,29,cen54
974,http://www.wikidata.org/entity/Q1461503,11,cen54
975,http://www.wikidata.org/entity/Q11814577,19,cen54
976,http://www.wikidata.org/entity/Q170596,7,cen54
977,http://www.wikidata.org/entity/Q12022493,29,cen54
978,http://www.wikidata.org/entity/Q110338,25,cen54
979,http://www.wikidata.org/entity/Q40331346,29,cen54
980,http://www.wikidata.org/entity/Q3920081,9,cen54
981,http://www.wikidata.org/entity/Q5540743,7,cen54
982,http://www.wikidata.org/entity/Q12256880,9,cen54
983,http://www.wikidata.org/entity/Q481249,12,cen54
984,http://www.wikidata.org/entity/Q4805201,8,cen54
985,http://www.wikidata.org/entity/Q1682124,23,cen54
986,http://www.wikidata.org/entity/Q790074,13,cen54
987,http://www.wikidata.org/entity/Q6254387,19,cen54
988,http://www.wikidata.org/entity/Q106632740,4,cen54
989,http://www.wikidata.org/entity/Q13859147,8,cen54
990,http://www.wikidata.org/entity/Q3885952,12,cen54
991,http://www.wikidata.org/entity/Q78123,6,cen54
992,http://www.wikidata.org/entity/Q785847,14,cen54
993,http://www.wikidata.org/entity/Q1911286,0,cen54
994,http://www.wikidata.org/entity/Q16831883,11,cen54
995,http://www.wikidata.org/entity/Q3771317,12,cen54
996,http://www.wikidata.org/entity/Q11774774,13,cen54
997,http://www.wikidata.org/entity/Q5564986,9,cen54
998,http://www.wikidata.org/entity/Q1400749,14,cen54
999,http://www.wikidata.org/entity/Q5731508,16,cen54
1000,http://www.wikidata.org/entity/Q1119102,33,cen54
1001,http://www.wikidata.org/entity/Q16744611,19,cen54
1002,http://www.wikidata.org/entity/Q56374032,21,cen54
1003,http://www.wikidata.org/entity/Q56314760,8,cen54
1004,http://www.wikidata.org/entity/Q62636673,22,cen54
1005,http://www.wikidata.org/entity/Q19159617,31,cen54
1006,http://www.wikidata.org/entity/Q3919151,19,cen54
1007,http://www.wikidata.org/entity/Q15973254,17,cen54
1008,http://www.wikidata.org/entity/Q78016,11,cen54
1009,http://www.wikidata.org/entity/Q168867,9,cen54
1010,http://www.wikidata.org/entity/Q1676266,26,cen54
1011,http://www.wikidata.org/entity/Q4087115,8,cen54
1012,http://www.wikidata.org/entity/Q106611470,27,cen54
1013,http://www.wikidata.org/entity/Q1165373,27,cen54
1014,http://www.wikidata.org/entity/Q7509903,23,cen54
1015,http://www.wikidata.org/entity/Q663757,2,cen54
1016,http://www.wikidata.org/entity/Q552469,5,cen54
1017,http://www.wikidata.org/entity/Q689251,2,cen54
1018,http://www.wikidata.org/entity/Q4399415,28,cen54
1019,http://www.wikidata.org/entity/Q15352864,22,cen54
1020,http://www.wikidata.org/entity/Q4415832,8,cen54
1021,http://www.wikidata.org/entity/Q442340,4,cen54
1022,http://www.wikidata.org/entity/Q4452853,13,cen54
1023,http://www.wikidata.org/entity/Q16162750,12,cen54
1024,http://www.wikidata.org/entity/Q69513721,19,cen54
1025,http://www.wikidata.org/entity/Q1528404,12,cen54
1026,http://www.wikidata.org/entity/Q706220,14,cen54
1027,http://www.wikidata.org/entity/Q12157851,28,cen54
1028,http://www.wikidata.org/entity/Q704230,24,cen54
1029,http://www.wikidata.org/entity/Q1553590,10,cen54
1030,http://www.wikidata.org/entity/Q4455332,8,cen54
1031,http://www.wikidata.org/entity/Q67146259,31,cen54
1032,http://www.wikidata.org/entity/Q18292694,6,cen54
1033,http://www.wikidata.org/entity/Q6014447,9,cen54
1034,http://www.wikidata.org/entity/Q5200722,7,cen54
1035,http://www.wikidata.org/entity/Q15449880,30,cen54
1036,http://www.wikidata.org/entity/Q66473917,27,cen54
1037,http://www.wikidata.org/entity/Q518977,32,cen54
1038,http://www.wikidata.org/entity/Q18162139,16,cen54
1039,http://www.wikidata.org/entity/Q67592,6,cen54
1040,http://www.wikidata.org/entity/Q4583825,16,cen54
1041,http://www.wikidata.org/entity/Q19945136,0,cen54
1042,http://www.wikidata.org/entity/Q59711480,12,cen54
1043,http://www.wikidata.org/entity/Q517619,14,cen54
1044,http://www.wikidata.org/entity/Q1466208,6,cen54
1045,http://www.wikidata.org/entity/Q2019868,12,cen54
1046,http://www.wikidata.org/entity/Q11928915,9,cen54
1047,http://www.wikidata.org/entity/Q47028401,31,cen54
1048,http://www.wikidata.org/entity/Q5494993,9,cen54
1049,http://www.wikidata.org/entity/Q16517607,1,cen54
1050,http://www.wikidata.org/entity/Q206442,4,cen54
1051,http://www.wikidata.org/entity/Q733878,30,cen54
1052,http://www.wikidata.org/entity/Q20675507,14,cen54
1053,http://www.wikidata.org/entity/Q120669504,20,cen54
1054,http://www.wikidata.org/entity/Q106908,6,cen54
1055,http://www.wikidata.org/entity/Q4088992,21,cen54
1056,http://www.wikidata.org/entity/Q5818990,29,cen54
1057,http://www.wikidata.org/entity/Q5082437,24,cen54
1058,http://www.wikidata.org/entity/Q4094636,8,cen54
1059,http://www.wikidata.org/entity/Q4097452,8,cen54
1060,http://www.wikidata.org/entity/Q4719285,7,cen54
1061,http://www.wikidata.org/entity/Q17651213,32,cen54
1062,http://www.wikidata.org/entity/Q18534132,24,cen54
1063,http://www.wikidata.org/entity/Q4289466,8,cen54
1064,http://www.wikidata.org/entity/Q15130156,30,cen54
1065,http://www.wikidata.org/entity/Q533121,14,cen54
1066,http://www.wikidata.org/entity/Q646383,21,cen54
1067,http://www.wikidata.org/entity/Q463311,19,cen54
1068,http://www.wikidata.org/entity/Q4684437,0,cen54
1069,http://www.wikidata.org/entity/Q12034204,20,cen54
1070,http://www.wikidata.org/entity/Q592023,23,cen54
1071,http://www.wikidata.org/entity/Q1647264,11,cen54
1072,http://www.wikidata.org/entity/Q42303310,32,cen54
1073,http://www.wikidata.org/entity/Q4234979,23,cen54
1074,http://www.wikidata.org/entity/Q54828374,13,cen54
1075,http://www.wikidata.org/entity/Q5944821,14,cen54
1076,http://www.wikidata.org/entity/Q108820,23,cen54
1077,http://www.wikidata.org/entity/Q9144482,23,cen54
1078,http://www.wikidata.org/entity/Q1266019,10,cen54
1079,http://www.wikidata.org/entity/Q127247702,13,cen54
1080,http://www.wikidata.org/entity/Q103240,11,cen54
1081,http://www.wikidata.org/entity/Q3364967,16,cen54
1082,http://www.wikidata.org/entity/Q2958952,31,cen54
1083,http://www.wikidata.org/entity/Q3504672,9,cen54
1084,http://www.wikidata.org/entity/Q35118120,15,cen54
1085,http://www.wikidata.org/entity/Q958788,5,cen54
1086,http://www.wikidata.org/entity/Q3525150,5,cen54
1087,http://www.wikidata.org/entity/Q352619,23,cen54
1088,http://www.wikidata.org/entity/Q2891759,30,cen54
1089,http://www.wikidata.org/entity/Q89217,27,cen54
1090,http://www.wikidata.org/entity/Q29441066,22,cen54
1091,http://www.wikidata.org/entity/Q3430810,16,cen54
1092,http://www.wikidata.org/entity/Q1342113,8,cen54
1093,http://www.wikidata.org/entity/Q1055485,33,cen54
1094,http://www.wikidata.org/entity/Q12332212,16,cen54
1095,http://www.wikidata.org/entity/Q13424255,6,cen54
1096,http://www.wikidata.org/entity/Q2939221,12,cen54
1097,http://www.wikidata.org/entity/Q29353392,22,cen54
1098,http://www.wikidata.org/entity/Q2269194,30,cen54
1099,http://www.wikidata.org/entity/Q89388,10,cen54
1100,http://www.wikidata.org/entity/Q9021611,19,cen54
1101,http://www.wikidata.org/entity/Q105882255,5,cen54
1102,http://www.wikidata.org/entity/Q3074161,9,cen54
1103,http://www.wikidata.org/entity/Q322052,23,cen54
1104,http://www.wikidata.org/entity/Q1292574,27,cen54
1105,http://www.wikidata.org/entity/Q94628893,9,cen54
1106,http://www.wikidata.org/entity/Q123496,11,cen54
1107,http://www.wikidata.org/entity/Q12345594,13,cen54
1108,http://www.wikidata.org/entity/Q1041754,2,cen54
1109,http://www.wikidata.org/entity/Q2395015,31,cen54
1110,http://www.wikidata.org/entity/Q130518408,8,cen54
1111,http://www.wikidata.org/entity/Q317075,24,cen54
1112,http://www.wikidata.org/entity/Q1306987,28,cen54
1113,http://www.wikidata.org/entity/Q104771879,0,cen54
1114,http://www.wikidata.org/entity/Q3103019,31,cen54
1115,http://www.wikidata.org/entity/Q93262374,30,cen54
1116,http://www.wikidata.org/entity/Q2323968,23,cen54
1117,http://www.wikidata.org/entity/Q1323606,27,cen54
1118,http://www.wikidata.org/entity/Q2534833,19,cen54
1119,http://www.wikidata.org/entity/Q2316817,17,cen54
1120,http://www.wikidata.org/entity/Q1036415,33,cen54
1121,http://www.wikidata.org/entity/Q3301321,23,cen54
1122,http://www.wikidata.org/entity/Q24284667,14,cen54
1123,http://www.wikidata.org/entity/Q113549351,8,cen54
1124,http://www.wikidata.org/entity/Q3293870,2,cen54
1125,http://www.wikidata.org/entity/Q9354842,23,cen54
1126,http://www.wikidata.org/entity/Q2337432,34,cen54
1127,http://www.wikidata.org/entity/Q93435960,29,cen54
1128,http://www.wikidata.org/entity/Q834466,5,cen54
1129,http://www.wikidata.org/entity/Q865173,3,cen54
1130,http://www.wikidata.org/entity/Q2155795,5,cen54
1131,http://www.wikidata.org/entity/Q2847345,17,cen54
1132,http://www.wikidata.org/entity/Q974607,12,cen54
1133,http://www.wikidata.org/entity/Q1362774,11,cen54
1134,http://www.wikidata.org/entity/Q124128095,8,cen54
1135,http://www.wikidata.org/entity/Q1361926,3,cen54
1136,http://www.wikidata.org/entity/Q97724,30,cen54
1137,http://www.wikidata.org/entity/Q976509,30,cen54
1138,http://www.wikidata.org/entity/Q276177,30,cen54
1139,http://www.wikidata.org/entity/Q12288431,13,cen54
1140,http://www.wikidata.org/entity/Q99642662,4,cen54
1141,http://www.wikidata.org/entity/Q2215667,4,cen54
1142,http://www.wikidata.org/entity/Q3559761,21,cen54
1143,http://www.wikidata.org/entity/Q87270343,23,cen54
1144,http://www.wikidata.org/entity/Q997153,33,cen54
1145,http://www.wikidata.org/entity/Q1876215,12,cen54
1146,http://www.wikidata.org/entity/Q12016994,13,cen54
1147,http://www.wikidata.org/entity/Q1685766,2,cen54
1148,http://www.wikidata.org/entity/Q94897224,13,cen54
1149,http://www.wikidata.org/entity/Q1040101,29,cen54
1150,http://www.wikidata.org/entity/Q31296825,8,cen54
1151,http://www.wikidata.org/entity/Q616844,26,cen54
1152,http://www.wikidata.org/entity/Q1280671,6,cen54
1153,http://www.wikidata.org/entity/Q24680619,33,cen54
1154,http://www.wikidata.org/entity/Q15970935,17,cen54
1155,http://www.wikidata.org/entity/Q18716338,31,cen54
1156,http://www.wikidata.org/entity/Q3084576,15,cen54
1157,http://www.wikidata.org/entity/Q558740,4,cen54
1158,http://www.wikidata.org/entity/Q5040060,14,cen54
1159,http://www.wikidata.org/entity/Q27067886,16,cen54
1160,http://www.wikidata.org/entity/Q95164796,13,cen54
1161,http://www.wikidata.org/entity/Q98537510,21,cen54
1162,http://www.wikidata.org/entity/Q18934964,17,cen54
1163,http://www.wikidata.org/entity/Q275622,30,cen54
1164,http://www.wikidata.org/entity/Q50355269,13,cen54
1165,http://www.wikidata.org/entity/Q6141155,26,cen54
1166,http://www.wikidata.org/entity/Q1035501,28,cen54
1167,http://www.wikidata.org/entity/Q1297258,11,cen54
1168,http://www.wikidata.org/entity/Q27437084,20,cen54
1169,http://www.wikidata.org/entity/Q1102462,1,cen54
1170,http://www.wikidata.org/entity/Q15782005,30,cen54
1171,http://www.wikidata.org/entity/Q16909603,15,cen54
1172,http://www.wikidata.org/entity/Q12116075,29,cen54
1173,http://www.wikidata.org/entity/Q1294909,26,cen54
1174,http://www.wikidata.org/entity/Q56042566,22,cen54
1175,http://www.wikidata.org/entity/Q1571017,20,cen54
1176,http://www.wikidata.org/entity/Q6301093,9,cen54
1177,http://www.wikidata.org/entity/Q3170583,0,cen54
1178,http://www.wikidata.org/entity/Q18985687,30,cen54
1179,http://www.wikidata.org/entity/Q12099423,13,cen54
1180,http://www.wikidata.org/entity/Q470254,27,cen54
1181,http://www.wikidata.org/entity/Q17155182,23,cen54
1182,http://www.wikidata.org/entity/Q13028334,13,cen54
1183,http://www.wikidata.org/entity/Q12123963,13,cen54
1184,http://www.wikidata.org/entity/Q1001016,33,cen54
1185,http://www.wikidata.org/entity/Q481299,3,cen54
1186,http://www.wikidata.org/entity/Q471179,12,cen54
1187,http://www.wikidata.org/entity/Q130223146,13,cen54
1188,http://www.wikidata.org/entity/Q1581965,19,cen54
1189,http://www.wikidata.org/entity/Q4800069,30,cen54
1190,http://www.wikidata.org/entity/Q5828260,3,cen54
1191,http://www.wikidata.org/entity/Q2938933,5,cen54
1192,http://www.wikidata.org/entity/Q29359786,8,cen54
1193,http://www.wikidata.org/entity/Q53549236,9,cen54
1194,http://www.wikidata.org/entity/Q29341968,16,cen54
1195,http://www.wikidata.org/entity/Q2919609,11,cen54
1196,http://www.wikidata.org/entity/Q535757,14,cen54
1197,http://www.wikidata.org/entity/Q16380110,8,cen54
1198,http://www.wikidata.org/entity/Q594736,5,cen54
1199,http://www.wikidata.org/entity/Q12632131,30,cen54
1200,http://www.wikidata.org/entity/Q1732823,11,cen54
1201,http://www.wikidata.org/entity/Q5953300,9,cen54
1202,http://www.wikidata.org/entity/Q5298334,22,cen54
1203,http://www.wikidata.org/entity/Q58989715,30,cen54
1204,http://www.wikidata.org/entity/Q16541938,4,cen54
1205,http://www.wikidata.org/entity/Q12028629,29,cen54
1206,http://www.wikidata.org/entity/Q16630539,19,cen54
1207,http://www.wikidata.org/entity/Q12028559,29,cen54
1208,http://www.wikidata.org/entity/Q965486,9,cen54
1209,http://www.wikidata.org/entity/Q17362335,23,cen54
1210,http://www.wikidata.org/entity/Q125543161,18,cen54
1211,http://www.wikidata.org/entity/Q287822,33,cen54
1212,http://www.wikidata.org/entity/Q9629434,9,cen54
1213,http://www.wikidata.org/entity/Q58476570,14,cen54
1214,http://www.wikidata.org/entity/Q285342,0,cen54
1215,http://www.wikidata.org/entity/Q16517153,1,cen54
1216,http://www.wikidata.org/entity/Q5932220,9,cen54
1217,http://www.wikidata.org/entity/Q102228,11,cen54
1218,http://www.wikidata.org/entity/Q59229428,22,cen54
1219,http://www.wikidata.org/entity/Q12026586,28,cen54
1220,http://www.wikidata.org/entity/Q17490316,12,cen54
1221,http://www.wikidata.org/entity/Q95476523,29,cen54
1222,http://www.wikidata.org/entity/Q3069048,15,cen54
1223,http://www.wikidata.org/entity/Q6079913,8,cen54
1224,http://www.wikidata.org/entity/Q2544896,24,cen54
1225,http://www.wikidata.org/entity/Q95178152,13,cen54
1226,http://www.wikidata.org/entity/Q12725591,19,cen54
1227,http://www.wikidata.org/entity/Q95214060,13,cen54
1228,http://www.wikidata.org/entity/Q3069073,17,cen54
1229,http://www.wikidata.org/entity/Q571137,29,cen54
1230,http://www.wikidata.org/entity/Q5080137,30,cen54
1231,http://www.wikidata.org/entity/Q108653245,22,cen54
1232,http://www.wikidata.org/entity/Q11918863,9,cen54
1233,http://www.wikidata.org/entity/Q95361929,13,cen54
1234,http://www.wikidata.org/entity/Q59630274,4,cen54
1235,http://www.wikidata.org/entity/Q2959949,17,cen54
1236,http://www.wikidata.org/entity/Q1961977,21,cen54
1237,http://www.wikidata.org/entity/Q95362450,29,cen54
1238,http://www.wikidata.org/entity/Q2835198,26,cen54
1239,http://www.wikidata.org/entity/Q28329523,16,cen54
1240,http://www.wikidata.org/entity/Q519108,29,cen54
1241,http://www.wikidata.org/entity/Q108619837,20,cen54
1242,http://www.wikidata.org/entity/Q108410929,19,cen54
1243,http://www.wikidata.org/entity/Q119687,16,cen54
1244,http://www.wikidata.org/entity/Q5730100,19,cen54
1245,http://www.wikidata.org/entity/Q5549341,7,cen54
1246,http://www.wikidata.org/entity/Q2989906,29,cen54
1247,http://www.wikidata.org/entity/Q7326676,19,cen54
1248,http://www.wikidata.org/entity/Q22920695,0,cen54
1249,http://www.wikidata.org/entity/Q908088,27,cen54
1250,http://www.wikidata.org/entity/Q4147617,8,cen54
1251,http://www.wikidata.org/entity/Q116973462,19,cen54
1252,http://www.wikidata.org/entity/Q15074013,10,cen54
1253,http://www.wikidata.org/entity/Q133852471,19,cen54
1254,http://www.wikidata.org/entity/Q3498638,24,cen54
1255,http://www.wikidata.org/entity/Q1466253,25,cen54
1256,http://www.wikidata.org/entity/Q1466667,13,cen54
1257,http://www.wikidata.org/entity/Q40887618,22,cen54
1258,http://www.wikidata.org/entity/Q20738637,22,cen54
1259,http://www.wikidata.org/entity/Q90407,6,cen54
1260,http://www.wikidata.org/entity/Q9023349,9,cen54
1261,http://www.wikidata.org/entity/Q3421077,30,cen54
1262,http://www.wikidata.org/entity/Q9321450,13,cen54
1263,http://www.wikidata.org/entity/Q705504,7,cen54
1264,http://www.wikidata.org/entity/Q705285,29,cen54
1265,http://www.wikidata.org/entity/Q1520052,16,cen54
1266,http://www.wikidata.org/entity/Q1322539,33,cen54
1267,http://www.wikidata.org/entity/Q123361573,27,cen54
1268,http://www.wikidata.org/entity/Q4371559,13,cen54
1269,http://www.wikidata.org/entity/Q123365374,30,cen54
1270,http://www.wikidata.org/entity/Q91436,25,cen54
1271,http://www.wikidata.org/entity/Q1508860,17,cen54
1272,http://www.wikidata.org/entity/Q1509992,24,cen54
1273,http://www.wikidata.org/entity/Q71601,11,cen54
1274,http://www.wikidata.org/entity/Q7105892,16,cen54
1275,http://www.wikidata.org/entity/Q7153594,5,cen54
1276,http://www.wikidata.org/entity/Q15129899,14,cen54
1277,http://www.wikidata.org/entity/Q715146,12,cen54
1278,http://www.wikidata.org/entity/Q7513234,16,cen54
1279,http://www.wikidata.org/entity/Q7945460,24,cen54
1280,http://www.wikidata.org/entity/Q106322821,30,cen54
1281,http://www.wikidata.org/entity/Q3650595,8,cen54
1282,http://www.wikidata.org/entity/Q7925889,30,cen54
1283,http://www.wikidata.org/entity/Q3809793,4,cen54
1284,http://www.wikidata.org/entity/Q12275091,13,cen54
1285,http://www.wikidata.org/entity/Q3840434,12,cen54
1286,http://www.wikidata.org/entity/Q78948,10,cen54
1287,http://www.wikidata.org/entity/Q12274778,19,cen54
1288,http://www.wikidata.org/entity/Q7964212,26,cen54
1289,http://www.wikidata.org/entity/Q367649,23,cen54
1290,http://www.wikidata.org/entity/Q817446,5,cen54
1291,http://www.wikidata.org/entity/Q21524574,22,cen54
1292,http://www.wikidata.org/entity/Q804821,27,cen54
1293,http://www.wikidata.org/entity/Q21524761,4,cen54
1294,http://www.wikidata.org/entity/Q8025399,30,cen54
1295,http://www.wikidata.org/entity/Q8007394,5,cen54
1296,http://www.wikidata.org/entity/Q3735865,19,cen54
1297,http://www.wikidata.org/entity/Q7965370,11,cen54
1298,http://www.wikidata.org/entity/Q1463392,10,cen54
1299,http://www.wikidata.org/entity/Q135232104,21,cen54
1300,http://www.wikidata.org/entity/Q13522645,11,cen54
1301,http://www.wikidata.org/entity/Q106766095,6,cen54
1302,http://www.wikidata.org/entity/Q35160191,15,cen54
1303,http://www.wikidata.org/entity/Q3507685,20,cen54
1304,http://www.wikidata.org/entity/Q7585772,19,cen54
1305,http://www.wikidata.org/entity/Q7674529,23,cen54
1306,http://www.wikidata.org/entity/Q1358561,11,cen54
1307,http://www.wikidata.org/entity/Q21033568,5,cen54
1308,http://www.wikidata.org/entity/Q1439770,29,cen54
1309,http://www.wikidata.org/entity/Q7668203,24,cen54
1310,http://www.wikidata.org/entity/Q86843,23,cen54
1311,http://www.wikidata.org/entity/Q1445415,14,cen54
1312,http://www.wikidata.org/entity/Q2096859,4,cen54
1313,http://www.wikidata.org/entity/Q87068848,4,cen54
1314,http://www.wikidata.org/entity/Q355780,5,cen54
1315,http://www.wikidata.org/entity/Q13133157,13,cen54
1316,http://www.wikidata.org/entity/Q15430190,5,cen54
1317,http://www.wikidata.org/entity/Q94743722,20,cen54
1318,http://www.wikidata.org/entity/Q15429610,31,cen54
1319,http://www.wikidata.org/entity/Q4424567,8,cen54
1320,http://www.wikidata.org/entity/Q6554916,26,cen54
1321,http://www.wikidata.org/entity/Q1047933,8,cen54
1322,http://www.wikidata.org/entity/Q66828311,23,cen54
1323,http://www.wikidata.org/entity/Q1214364,1,cen54
1324,http://www.wikidata.org/entity/Q451244,19,cen54
1325,http://www.wikidata.org/entity/Q3262525,17,cen54
1326,http://www.wikidata.org/entity/Q945299,19,cen54
1327,http://www.wikidata.org/entity/Q4502217,8,cen54
1328,http://www.wikidata.org/entity/Q4524742,8,cen54
1329,http://www.wikidata.org/entity/Q1307310,30,cen54
1330,http://www.wikidata.org/entity/Q19753917,20,cen54
1331,http://www.wikidata.org/entity/Q19772325,29,cen54
1332,http://www.wikidata.org/entity/Q19690347,29,cen54
1333,http://www.wikidata.org/entity/Q4386895,21,cen54
1334,http://www.wikidata.org/entity/Q3300735,2,cen54
1335,http://www.wikidata.org/entity/Q9342023,23,cen54
1336,http://www.wikidata.org/entity/Q4601328,5,cen54
1337,http://www.wikidata.org/entity/Q12133981,20,cen54
1338,http://www.wikidata.org/entity/Q689856,23,cen54
1339,http://www.wikidata.org/entity/Q23915450,6,cen54
1340,http://www.wikidata.org/entity/Q55771747,32,cen54
1341,http://www.wikidata.org/entity/Q3545421,21,cen54
1342,http://www.wikidata.org/entity/Q26262436,5,cen54
1343,http://www.wikidata.org/entity/Q1963699,5,cen54
1344,http://www.wikidata.org/entity/Q2637042,8,cen54
1345,http://www.wikidata.org/entity/Q19753878,5,cen54
1346,http://www.wikidata.org/entity/Q4536742,21,cen54
1347,http://www.wikidata.org/entity/Q320827,7,cen54
1348,http://www.wikidata.org/entity/Q11737751,23,cen54
1349,http://www.wikidata.org/entity/Q27669618,23,cen54
1350,http://www.wikidata.org/entity/Q109337080,13,cen54
1351,http://www.wikidata.org/entity/Q2847277,15,cen54
1352,http://www.wikidata.org/entity/Q55843281,10,cen54
1353,http://www.wikidata.org/entity/Q5505157,26,cen54
1354,http://www.wikidata.org/entity/Q322443,5,cen54
1355,http://www.wikidata.org/entity/Q55847057,6,cen54
1356,http://www.wikidata.org/entity/Q2148992,5,cen54
1357,http://www.wikidata.org/entity/Q54996653,22,cen54
1358,http://www.wikidata.org/entity/Q2892368,13,cen54
1359,http://www.wikidata.org/entity/Q111540827,17,cen54
1360,http://www.wikidata.org/entity/Q557855,29,cen54
1361,http://www.wikidata.org/entity/Q55104317,21,cen54
1362,http://www.wikidata.org/entity/Q2140845,8,cen54
1363,http://www.wikidata.org/entity/Q55203828,8,cen54
1364,http://www.wikidata.org/entity/Q5512231,5,cen54
1365,http://www.wikidata.org/entity/Q288255,5,cen54
1366,http://www.wikidata.org/entity/Q17413380,9,cen54
1367,http://www.wikidata.org/entity/Q17413384,9,cen54
1368,http://www.wikidata.org/entity/Q23855478,22,cen54
1369,http://www.wikidata.org/entity/Q28359112,27,cen54
1370,http://www.wikidata.org/entity/Q238890,30,cen54
1371,http://www.wikidata.org/entity/Q27043205,23,cen54
1372,http://www.wikidata.org/entity/Q454442,24,cen54
1373,http://www.wikidata.org/entity/Q119789,11,cen54
1374,http://www.wikidata.org/entity/Q363672,23,cen54
1375,http://www.wikidata.org/entity/Q2709652,11,cen54
1376,http://www.wikidata.org/entity/Q21551925,20,cen54
1377,http://www.wikidata.org/entity/Q1714810,33,cen54
1378,http://www.wikidata.org/entity/Q113897,11,cen54
1379,http://www.wikidata.org/entity/Q3172563,15,cen54
1380,http://www.wikidata.org/entity/Q2158177,24,cen54
1381,http://www.wikidata.org/entity/Q213577,20,cen54
1382,http://www.wikidata.org/entity/Q4697025,30,cen54
1383,http://www.wikidata.org/entity/Q113230,11,cen54
1384,http://www.wikidata.org/entity/Q269002,8,cen54
1385,http://www.wikidata.org/entity/Q3615745,22,cen54
1386,http://www.wikidata.org/entity/Q1709763,5,cen54
1387,http://www.wikidata.org/entity/Q3604326,4,cen54
1388,http://www.wikidata.org/entity/Q3894011,12,cen54
1389,http://www.wikidata.org/entity/Q21176654,22,cen54
1390,http://www.wikidata.org/entity/Q11281246,16,cen54
1391,http://www.wikidata.org/entity/Q17310147,17,cen54
1392,http://www.wikidata.org/entity/Q55771138,2,cen54
1393,http://www.wikidata.org/entity/Q3619578,12,cen54
1394,http://www.wikidata.org/entity/Q5486420,26,cen54
1395,http://www.wikidata.org/entity/Q3893643,4,cen54
1396,http://www.wikidata.org/entity/Q4074710,12,cen54
1397,http://www.wikidata.org/entity/Q4256461,19,cen54
1398,http://www.wikidata.org/entity/Q4262059,8,cen54
1399,http://www.wikidata.org/entity/Q18523975,9,cen54
1400,http://www.wikidata.org/entity/Q5112508,7,cen54
1401,http://www.wikidata.org/entity/Q3295206,31,cen54
1402,http://www.wikidata.org/entity/Q2040871,23,cen54
1403,http://www.wikidata.org/entity/Q48851887,23,cen54
1404,http://www.wikidata.org/entity/Q520225,29,cen54
1405,http://www.wikidata.org/entity/Q3292570,31,cen54
1406,http://www.wikidata.org/entity/Q1179640,10,cen54
1407,http://www.wikidata.org/entity/Q3387364,17,cen54
1408,http://www.wikidata.org/entity/Q3384695,17,cen54
1409,http://www.wikidata.org/entity/Q4237473,8,cen54
1410,http://www.wikidata.org/entity/Q4242247,8,cen54
1411,http://www.wikidata.org/entity/Q18544327,19,cen54
1412,http://www.wikidata.org/entity/Q50382991,28,cen54
1413,http://www.wikidata.org/entity/Q1101554,29,cen54
1414,http://www.wikidata.org/entity/Q20029677,29,cen54
1415,http://www.wikidata.org/entity/Q4362439,7,cen54
1416,http://www.wikidata.org/entity/Q11717369,23,cen54
1417,http://www.wikidata.org/entity/Q1872883,29,cen54
1418,http://www.wikidata.org/entity/Q3308002,29,cen54
1419,http://www.wikidata.org/entity/Q1100819,29,cen54
1420,http://www.wikidata.org/entity/Q3327256,9,cen54
1421,http://www.wikidata.org/entity/Q5081638,7,cen54
1422,http://www.wikidata.org/entity/Q18644117,9,cen54
1423,http://www.wikidata.org/entity/Q2528983,2,cen54
1424,http://www.wikidata.org/entity/Q1148959,5,cen54
1425,http://www.wikidata.org/entity/Q23585640,22,cen54
1426,http://www.wikidata.org/entity/Q99975971,30,cen54
1427,http://www.wikidata.org/entity/Q4499532,16,cen54
1428,http://www.wikidata.org/entity/Q538113,14,cen54
1429,http://www.wikidata.org/entity/Q40888061,22,cen54
1430,http://www.wikidata.org/entity/Q5388837,3,cen54
1431,http://www.wikidata.org/entity/Q5371277,14,cen54
1432,http://www.wikidata.org/entity/Q3483400,11,cen54
1433,http://www.wikidata.org/entity/Q22704784,5,cen54
1434,http://www.wikidata.org/entity/Q2272765,8,cen54
1435,http://www.wikidata.org/entity/Q11681916,9,cen54
1436,http://www.wikidata.org/entity/Q45061,21,cen54
1437,http://www.wikidata.org/entity/Q1748815,4,cen54
1438,http://www.wikidata.org/entity/Q23751614,22,cen54
1439,http://www.wikidata.org/entity/Q28935800,22,cen54
1440,http://www.wikidata.org/entity/Q4085130,29,cen54
1441,http://www.wikidata.org/entity/Q2899529,2,cen54
1442,http://www.wikidata.org/entity/Q1751506,4,cen54
1443,http://www.wikidata.org/entity/Q11769012,20,cen54
1444,http://www.wikidata.org/entity/Q2906944,23,cen54
1445,http://www.wikidata.org/entity/Q20742637,4,cen54
1446,http://www.wikidata.org/entity/Q3425971,20,cen54
1447,http://www.wikidata.org/entity/Q1899038,4,cen54
1448,http://www.wikidata.org/entity/Q3265524,31,cen54
1449,http://www.wikidata.org/entity/Q4156279,8,cen54
1450,http://www.wikidata.org/entity/Q2059733,24,cen54
1451,http://www.wikidata.org/entity/Q522200,2,cen54
1452,http://www.wikidata.org/entity/Q481605,21,cen54
1453,http://www.wikidata.org/entity/Q18043638,8,cen54
1454,http://www.wikidata.org/entity/Q2578196,26,cen54
1455,http://www.wikidata.org/entity/Q343387,7,cen54
1456,http://www.wikidata.org/entity/Q24288269,1,cen54
1457,http://www.wikidata.org/entity/Q5298007,14,cen54
1458,http://www.wikidata.org/entity/Q19003311,9,cen54
1459,http://www.wikidata.org/entity/Q29420784,12,cen54
1460,http://www.wikidata.org/entity/Q22908764,30,cen54
1461,http://www.wikidata.org/entity/Q18014847,8,cen54
1462,http://www.wikidata.org/entity/Q19924050,17,cen54
1463,http://www.wikidata.org/entity/Q22918692,29,cen54
1464,http://www.wikidata.org/entity/Q19924099,23,cen54
1465,http://www.wikidata.org/entity/Q20644246,17,cen54
1466,http://www.wikidata.org/entity/Q2366117,13,cen54
1467,http://www.wikidata.org/entity/Q5295309,5,cen54
1468,http://www.wikidata.org/entity/Q15261280,3,cen54
1469,http://www.wikidata.org/entity/Q12050610,20,cen54
1470,http://www.wikidata.org/entity/Q7416460,27,cen54
1471,http://www.wikidata.org/entity/Q821664,2,cen54
1472,http://www.wikidata.org/entity/Q825499,25,cen54
1473,http://www.wikidata.org/entity/Q1064241,14,cen54
1474,http://www.wikidata.org/entity/Q122251023,14,cen54
1475,http://www.wikidata.org/entity/Q74605,23,cen54
1476,http://www.wikidata.org/entity/Q8061732,29,cen54
1477,http://www.wikidata.org/entity/Q15614617,1,cen54
1478,http://www.wikidata.org/entity/Q1473484,13,cen54
1479,http://www.wikidata.org/entity/Q817625,23,cen54
1480,http://www.wikidata.org/entity/Q1480996,27,cen54
1481,http://www.wikidata.org/entity/Q1298488,12,cen54
1482,http://www.wikidata.org/entity/Q834947,8,cen54
1483,http://www.wikidata.org/entity/Q62692160,19,cen54
1484,http://www.wikidata.org/entity/Q59531931,5,cen54
1485,http://www.wikidata.org/entity/Q6542509,8,cen54
1486,http://www.wikidata.org/entity/Q1631753,5,cen54
1487,http://www.wikidata.org/entity/Q15452783,11,cen54
1488,http://www.wikidata.org/entity/Q86002462,8,cen54
1489,http://www.wikidata.org/entity/Q97225,2,cen54
1490,http://www.wikidata.org/entity/Q65929706,8,cen54
1491,http://www.wikidata.org/entity/Q86834767,8,cen54
1492,http://www.wikidata.org/entity/Q13030856,23,cen54
1493,http://www.wikidata.org/entity/Q75102635,22,cen54
1494,http://www.wikidata.org/entity/Q1626000,5,cen54
1495,http://www.wikidata.org/entity/Q7357115,26,cen54
1496,http://www.wikidata.org/entity/Q136190411,17,cen54
1497,http://www.wikidata.org/entity/Q852766,28,cen54
1498,http://www.wikidata.org/entity/Q65218536,19,cen54
1499,http://www.wikidata.org/entity/Q6390510,7,cen54
1500,http://www.wikidata.org/entity/Q621113,8,cen54
1501,http://www.wikidata.org/entity/Q7652309,16,cen54
1502,http://www.wikidata.org/entity/Q62027249,16,cen54
1503,http://www.wikidata.org/entity/Q7788347,7,cen54
1504,http://www.wikidata.org/entity/Q63117,11,cen54
1505,http://www.wikidata.org/entity/Q1434140,8,cen54
1506,http://www.wikidata.org/entity/Q7781585,30,cen54
1507,http://www.wikidata.org/entity/Q1454840,0,cen54
1508,http://www.wikidata.org/entity/Q95100971,13,cen54
1509,http://www.wikidata.org/entity/Q6252469,7,cen54
1510,http://www.wikidata.org/entity/Q1580771,11,cen54
1511,http://www.wikidata.org/entity/Q12101689,8,cen54
1512,http://www.wikidata.org/entity/Q7668746,7,cen54
1513,http://www.wikidata.org/entity/Q1446773,29,cen54
1514,http://www.wikidata.org/entity/Q870363,1,cen54
1515,http://www.wikidata.org/entity/Q1570201,30,cen54
1516,http://www.wikidata.org/entity/Q128795970,13,cen54
1517,http://www.wikidata.org/entity/Q1401213,8,cen54
1518,http://www.wikidata.org/entity/Q1399403,5,cen54
1519,http://www.wikidata.org/entity/Q96282,11,cen54
1520,http://www.wikidata.org/entity/Q7961581,26,cen54
1521,http://www.wikidata.org/entity/Q6381263,23,cen54
1522,http://www.wikidata.org/entity/Q138606567,1,cen54
1523,http://www.wikidata.org/entity/Q8002373,22,cen54
1524,http://www.wikidata.org/entity/Q6103968,26,cen54
1525,http://www.wikidata.org/entity/Q12083405,8,cen54
1526,http://www.wikidata.org/entity/Q95795010,2,cen54
1527,http://www.wikidata.org/entity/Q6166807,26,cen54
1528,http://www.wikidata.org/entity/Q1597072,25,cen54
1529,http://www.wikidata.org/entity/Q6129680,26,cen54
1530,http://www.wikidata.org/entity/Q7615914,26,cen54
1531,http://www.wikidata.org/entity/Q12878405,8,cen54
1532,http://www.wikidata.org/entity/Q6122508,14,cen54
1533,http://www.wikidata.org/entity/Q101394,11,cen54
1534,http://www.wikidata.org/entity/Q679576,12,cen54
1535,http://www.wikidata.org/entity/Q715743,8,cen54
1536,http://www.wikidata.org/entity/Q16749836,7,cen54
1537,http://www.wikidata.org/entity/Q130740504,26,cen54
1538,http://www.wikidata.org/entity/Q15129802,22,cen54
1539,http://www.wikidata.org/entity/Q16750716,30,cen54
1540,http://www.wikidata.org/entity/Q5708495,24,cen54
1541,http://www.wikidata.org/entity/Q151164,31,cen54
1542,http://www.wikidata.org/entity/Q5707977,32,cen54
1543,http://www.wikidata.org/entity/Q714252,27,cen54
1544,http://www.wikidata.org/entity/Q1542008,24,cen54
1545,http://www.wikidata.org/entity/Q133289741,19,cen54
1546,http://www.wikidata.org/entity/Q15130057,24,cen54
1547,http://www.wikidata.org/entity/Q711820,17,cen54
1548,http://www.wikidata.org/entity/Q9157042,23,cen54
1549,http://www.wikidata.org/entity/Q12316030,16,cen54
1550,http://www.wikidata.org/entity/Q12026603,29,cen54
1551,http://www.wikidata.org/entity/Q16676871,20,cen54
1552,http://www.wikidata.org/entity/Q100598257,31,cen54
1553,http://www.wikidata.org/entity/Q5762886,23,cen54
1554,http://www.wikidata.org/entity/Q133863013,30,cen54
1555,http://www.wikidata.org/entity/Q10861360,20,cen54
1556,http://www.wikidata.org/entity/Q12023991,28,cen54
1557,http://www.wikidata.org/entity/Q103449635,5,cen54
1558,http://www.wikidata.org/entity/Q9341686,29,cen54
1559,http://www.wikidata.org/entity/Q99389940,11,cen54
1560,http://www.wikidata.org/entity/Q12017151,29,cen54
1561,http://www.wikidata.org/entity/Q9389828,28,cen54
1562,http://www.wikidata.org/entity/Q1317120,33,cen54
1563,http://www.wikidata.org/entity/Q695459,2,cen54
1564,http://www.wikidata.org/entity/Q56612711,23,cen54
1565,http://www.wikidata.org/entity/Q15130478,26,cen54
1566,http://www.wikidata.org/entity/Q15130559,22,cen54
1567,http://www.wikidata.org/entity/Q9323842,29,cen54
1568,http://www.wikidata.org/entity/Q95175339,28,cen54
1569,http://www.wikidata.org/entity/Q95175299,29,cen54
1570,http://www.wikidata.org/entity/Q7066638,24,cen54
1571,http://www.wikidata.org/entity/Q933418,5,cen54
1572,http://www.wikidata.org/entity/Q94772857,34,cen54
1573,http://www.wikidata.org/entity/Q72564,23,cen54
1574,http://www.wikidata.org/entity/Q12173700,23,cen54
1575,http://www.wikidata.org/entity/Q12792707,19,cen54
1576,http://www.wikidata.org/entity/Q15066170,21,cen54
1577,http://www.wikidata.org/entity/Q15441933,19,cen54
1578,http://www.wikidata.org/entity/Q125117836,33,cen54
1579,http://www.wikidata.org/entity/Q1346814,5,cen54
1580,http://www.wikidata.org/entity/Q872366,7,cen54
1581,http://www.wikidata.org/entity/Q5936120,9,cen54
1582,http://www.wikidata.org/entity/Q87808,11,cen54
1583,http://www.wikidata.org/entity/Q12033416,20,cen54
1584,http://www.wikidata.org/entity/Q16523627,33,cen54
1585,http://www.wikidata.org/entity/Q1659672,16,cen54
1586,http://www.wikidata.org/entity/Q879125,31,cen54
1587,http://www.wikidata.org/entity/Q105839989,33,cen54
1588,http://www.wikidata.org/entity/Q6713259,26,cen54
1589,http://www.wikidata.org/entity/Q1343537,26,cen54
1590,http://www.wikidata.org/entity/Q7241912,26,cen54
1591,http://www.wikidata.org/entity/Q870405,13,cen54
1592,http://www.wikidata.org/entity/Q1638687,14,cen54
1593,http://www.wikidata.org/entity/Q1059594,4,cen54
1594,http://www.wikidata.org/entity/Q947797,1,cen54
1595,http://www.wikidata.org/entity/Q20641846,2,cen54
1596,http://www.wikidata.org/entity/Q2061236,26,cen54
1597,http://www.wikidata.org/entity/Q20576782,8,cen54
1598,http://www.wikidata.org/entity/Q4301617,5,cen54
1599,http://www.wikidata.org/entity/Q4013905,12,cen54
1600,http://www.wikidata.org/entity/Q3102226,0,cen54
1601,http://www.wikidata.org/entity/Q1148549,30,cen54
1602,http://www.wikidata.org/entity/Q70251750,19,cen54
1603,http://www.wikidata.org/entity/Q4013563,12,cen54
1604,http://www.wikidata.org/entity/Q1523942,2,cen54
1605,http://www.wikidata.org/entity/Q12816398,19,cen54
1606,http://www.wikidata.org/entity/Q4090048,13,cen54
1607,http://www.wikidata.org/entity/Q2473278,29,cen54
1608,http://www.wikidata.org/entity/Q7380259,24,cen54
1609,http://www.wikidata.org/entity/Q3093254,27,cen54
1610,http://www.wikidata.org/entity/Q7188638,22,cen54
1611,http://www.wikidata.org/entity/Q20742663,11,cen54
1612,http://www.wikidata.org/entity/Q74888,6,cen54
1613,http://www.wikidata.org/entity/Q4228820,8,cen54
1614,http://www.wikidata.org/entity/Q116783255,5,cen54
1615,http://www.wikidata.org/entity/Q40889067,24,cen54
1616,http://www.wikidata.org/entity/Q4227499,23,cen54
1617,http://www.wikidata.org/entity/Q72033,6,cen54
1618,http://www.wikidata.org/entity/Q2499289,8,cen54
1619,http://www.wikidata.org/entity/Q4093080,23,cen54
1620,http://www.wikidata.org/entity/Q1459911,28,cen54
1621,http://www.wikidata.org/entity/Q106766499,8,cen54
1622,http://www.wikidata.org/entity/Q4055592,8,cen54
1623,http://www.wikidata.org/entity/Q3084209,17,cen54
1624,http://www.wikidata.org/entity/Q2079061,8,cen54
1625,http://www.wikidata.org/entity/Q713440,24,cen54
1626,http://www.wikidata.org/entity/Q1486076,17,cen54
1627,http://www.wikidata.org/entity/Q15129885,22,cen54
1628,http://www.wikidata.org/entity/Q12803338,19,cen54
1629,http://www.wikidata.org/entity/Q12815630,33,cen54
1630,http://www.wikidata.org/entity/Q3084369,2,cen54
1631,http://www.wikidata.org/entity/Q7369651,26,cen54
1632,http://www.wikidata.org/entity/Q1462643,33,cen54
1633,http://www.wikidata.org/entity/Q3960854,12,cen54
1634,http://www.wikidata.org/entity/Q104399,6,cen54
1635,http://www.wikidata.org/entity/Q3187712,9,cen54
1636,http://www.wikidata.org/entity/Q2278483,14,cen54
1637,http://www.wikidata.org/entity/Q130424266,11,cen54
1638,http://www.wikidata.org/entity/Q1343068,11,cen54
1639,http://www.wikidata.org/entity/Q2283463,23,cen54
1640,http://www.wikidata.org/entity/Q112521637,5,cen54
1641,http://www.wikidata.org/entity/Q3426092,2,cen54
1642,http://www.wikidata.org/entity/Q22920732,31,cen54
1643,http://www.wikidata.org/entity/Q1351047,24,cen54
1644,http://www.wikidata.org/entity/Q869643,2,cen54
1645,http://www.wikidata.org/entity/Q1356049,13,cen54
1646,http://www.wikidata.org/entity/Q3571486,9,cen54
1647,http://www.wikidata.org/entity/Q105822,11,cen54
1648,http://www.wikidata.org/entity/Q3562723,14,cen54
1649,http://www.wikidata.org/entity/Q873872,19,cen54
1650,http://www.wikidata.org/entity/Q355519,24,cen54
1651,http://www.wikidata.org/entity/Q104713897,4,cen54
1652,http://www.wikidata.org/entity/Q931040,31,cen54
1653,http://www.wikidata.org/entity/Q330053,5,cen54
1654,http://www.wikidata.org/entity/Q3265660,31,cen54
1655,http://www.wikidata.org/entity/Q329349,2,cen54
1656,http://www.wikidata.org/entity/Q131438302,29,cen54
1657,http://www.wikidata.org/entity/Q123422357,26,cen54
1658,http://www.wikidata.org/entity/Q1307093,23,cen54
1659,http://www.wikidata.org/entity/Q1053783,7,cen54
1660,http://www.wikidata.org/entity/Q3420680,0,cen54
1661,http://www.wikidata.org/entity/Q3397750,9,cen54
1662,http://www.wikidata.org/entity/Q133622,16,cen54
1663,http://www.wikidata.org/entity/Q23776318,13,cen54
1664,http://www.wikidata.org/entity/Q3370354,17,cen54
1665,http://www.wikidata.org/entity/Q3353143,19,cen54
1666,http://www.wikidata.org/entity/Q945986,23,cen54
1667,http://www.wikidata.org/entity/Q3383510,2,cen54
1668,http://www.wikidata.org/entity/Q21997868,30,cen54
1669,http://www.wikidata.org/entity/Q116455457,22,cen54
1670,http://www.wikidata.org/entity/Q12275090,13,cen54
1671,http://www.wikidata.org/entity/Q381678,2,cen54
1672,http://www.wikidata.org/entity/Q12356981,28,cen54
1673,http://www.wikidata.org/entity/Q3132125,2,cen54
1674,http://www.wikidata.org/entity/Q12276357,19,cen54
1675,http://www.wikidata.org/entity/Q949430,12,cen54
1676,http://www.wikidata.org/entity/Q1386481,17,cen54
1677,http://www.wikidata.org/entity/Q116413954,31,cen54
1678,http://www.wikidata.org/entity/Q2131364,11,cen54
1679,http://www.wikidata.org/entity/Q24229204,23,cen54
1680,http://www.wikidata.org/entity/Q8004440,5,cen54
1681,http://www.wikidata.org/entity/Q95097644,20,cen54
1682,http://www.wikidata.org/entity/Q20988956,30,cen54
1683,http://www.wikidata.org/entity/Q3131636,17,cen54
1684,http://www.wikidata.org/entity/Q20992264,30,cen54
1685,http://www.wikidata.org/entity/Q8012632,24,cen54
1686,http://www.wikidata.org/entity/Q21678779,11,cen54
1687,http://www.wikidata.org/entity/Q84722302,8,cen54
1688,http://www.wikidata.org/entity/Q3170945,17,cen54
1689,http://www.wikidata.org/entity/Q24013659,13,cen54
1690,http://www.wikidata.org/entity/Q21857124,20,cen54
1691,http://www.wikidata.org/entity/Q3174099,2,cen54
1692,http://www.wikidata.org/entity/Q3666451,23,cen54
1693,http://www.wikidata.org/entity/Q8015913,26,cen54
1694,http://www.wikidata.org/entity/Q10653802,22,cen54
1695,http://www.wikidata.org/entity/Q214780,11,cen54
1696,http://www.wikidata.org/entity/Q3157783,31,cen54
1697,http://www.wikidata.org/entity/Q3743017,12,cen54
1698,http://www.wikidata.org/entity/Q3742577,12,cen54
1699,http://www.wikidata.org/entity/Q822404,7,cen54
1700,http://www.wikidata.org/entity/Q1369099,16,cen54
1701,http://www.wikidata.org/entity/Q822687,19,cen54
1702,http://www.wikidata.org/entity/Q3707997,19,cen54
1703,http://www.wikidata.org/entity/Q370675,13,cen54
1704,http://www.wikidata.org/entity/Q2158303,10,cen54
1705,http://www.wikidata.org/entity/Q827842,24,cen54
1706,http://www.wikidata.org/entity/Q95172100,27,cen54
1707,http://www.wikidata.org/entity/Q18528196,30,cen54
1708,http://www.wikidata.org/entity/Q607808,23,cen54
1709,http://www.wikidata.org/entity/Q60836043,8,cen54
1710,http://www.wikidata.org/entity/Q51297437,22,cen54
1711,http://www.wikidata.org/entity/Q520359,22,cen54
1712,http://www.wikidata.org/entity/Q160932,11,cen54
